Rk,Player,Pos,Age,Tm,G,GS,MP,FG,FGA,FG%,3P,3PA,3P%,2P,2PA,2P%,FT,FTA,FT%,ORB,DRB,TRB,AST,STL,BLK,TOV,PF,PTS
1,Quincy Acy,SF,23,TOR,6,0,10.2,1.0,2.3,.429,0.3,0.8,.400,0.7,1.5,.444,0.8,1.3,.625,0.8,1.7,2.5,0.7,0.7,0.5,0.3,1.3,3.2
2,Steven Adams,C,20,OKC,17,2,16.9,1.5,3.1,.491,0.0,0.0,,1.5,3.1,.491,1.3,2.1,.629,2.3,2.7,5.0,0.8,0.4,0.9,0.8,2.6,4.4
3,Jeff Adrien,PF,27,CHA,13,0,13.5,1.2,2.2,.536,0.0,0.0,,1.2,2.2,.536,0.8,1.3,.588,2.1,2.7,4.8,0.3,0.3,0.8,0.2,1.4,3.1
4,Arron Afflalo,SG,28,ORL,18,18,37.2,7.8,15.9,.488,2.4,5.3,.463,5.3,10.7,.500,4.6,5.3,.854,0.3,4.3,4.6,4.2,0.9,0.1,2.3,1.8,22.6
5,Cole Aldrich,C,25,NYK,6,0,3.3,0.3,0.8,.400,0.0,0.0,,0.3,0.8,.400,0.3,0.3,1.000,0.5,1.3,1.8,0.5,0.2,0.2,0.3,0.3,1.0
6,LaMarcus Aldridge,PF,28,POR,19,19,37.2,9.7,20.5,.476,0.0,0.1,.000,9.7,20.4,.478,4.1,5.2,.786,1.9,7.8,9.7,2.6,1.2,0.9,2.0,1.8,23.5
7,Lavoy Allen,PF,24,PHI,19,2,20.1,2.2,4.7,.461,0.0,0.1,.000,2.2,4.6,.471,0.6,1.0,.579,1.8,3.4,5.2,1.0,0.4,0.6,1.0,2.0,4.9
8,Ray Allen,SG,38,MIA,16,1,25.3,3.5,7.7,.455,1.6,3.9,.397,1.9,3.8,.517,1.4,1.6,.880,0.4,2.2,2.6,2.3,0.9,0.2,1.4,1.7,9.9
9,Tony Allen,SG,32,MEM,16,16,25.3,4.3,8.0,.531,0.3,1.2,.263,3.9,6.8,.578,1.6,2.3,.722,1.4,1.9,3.3,1.9,2.3,0.5,1.9,2.2,10.4
10,Al-Farouq Aminu,SF,23,NOP,17,16,22.6,2.6,5.4,.495,0.1,0.3,.200,2.6,5.1,.512,0.8,1.6,.481,2.0,4.4,6.4,1.4,1.4,0.4,0.9,1.5,6.1
11,Louis Amundson,PF,31,NOP,11,0,8.9,0.5,1.3,.429,0.0,0.0,,0.5,1.3,.429,0.3,1.1,.250,0.7,1.3,2.0,0.2,0.3,0.6,0.5,2.5,1.4
12,Chris Andersen,C,35,MIA,18,0,17.1,2.3,3.8,.618,0.0,0.1,.000,2.3,3.7,.627,1.6,2.2,.725,1.4,2.8,4.3,0.4,0.4,1.1,0.9,2.3,6.3
13,Alan Anderson,SF,31,BRK,19,4,23.7,2.8,6.9,.405,1.4,3.7,.366,1.4,3.2,.450,0.9,1.3,.750,0.7,2.2,2.8,1.2,0.9,0.2,0.7,2.1,7.9
14,James Anderson,SG,24,PHI,19,17,32.7,3.9,8.9,.435,1.6,4.7,.337,2.3,4.3,.543,1.0,1.5,.679,0.7,3.0,3.7,1.9,1.1,0.5,1.6,1.8,10.4
15,Ryan Anderson,PF,25,NOP,9,2,35.2,7.8,15.9,.490,4.0,7.6,.529,3.8,8.3,.453,2.6,2.6,1.000,2.8,3.6,6.3,0.4,0.2,0.3,0.9,2.2,22.1
16,Giannis Antetokounmpo,SF,19,MIL,13,0,16.2,2.1,4.1,.509,0.5,1.2,.400,1.6,2.9,.553,0.6,1.2,.500,0.7,2.5,3.2,0.9,0.5,0.7,1.0,1.8,5.2
17,Carmelo Anthony,PF,29,NYK,17,17,39.9,9.3,21.6,.431,1.1,3.9,.288,8.2,17.7,.462,6.2,7.4,.833,2.8,7.1,9.9,2.7,1.1,0.6,2.6,3.2,25.9
18,Joel Anthony,C,31,MIA,6,0,5.0,0.2,0.7,.250,0.0,0.0,,0.2,0.7,.250,0.0,0.0,,0.3,0.5,0.8,0.0,0.0,0.7,0.2,0.7,0.3
19,Pero Antic,PF,31,ATL,12,0,11.7,1.3,3.7,.341,0.6,1.9,.304,0.7,1.8,.381,0.7,0.9,.727,1.0,1.5,2.5,0.8,0.3,0.3,0.5,1.1,3.8
20,Trevor Ariza,SF,28,WAS,13,13,35.2,5.7,11.9,.477,2.6,6.1,.430,3.1,5.8,.526,1.9,2.8,.676,1.4,4.3,5.7,2.2,2.0,0.2,2.2,2.2,15.9
21,Darrell Arthur,SF,25,DEN,18,0,17.7,2.8,5.7,.485,0.0,0.1,.000,2.8,5.6,.495,0.5,0.6,.900,0.6,2.2,2.8,0.8,0.4,0.6,0.8,2.6,6.1
22,Omer Asik,C,27,HOU,17,8,18.3,1.5,3.1,.472,0.0,0.0,,1.5,3.1,.472,1.5,2.3,.641,1.6,5.1,6.8,0.4,0.2,0.4,1.2,2.0,4.4
23,D.J. Augustin,PG,26,TOR,10,0,8.2,0.7,2.4,.292,0.1,1.1,.091,0.6,1.3,.462,0.6,0.6,1.000,0.0,0.4,0.4,1.0,0.1,0.0,0.9,0.7,2.1
24,Gustavo Ayon,C,28,ATL,8,2,15.6,1.9,3.5,.536,0.0,0.0,,1.9,3.5,.536,0.4,0.5,.750,1.1,2.8,3.9,0.5,0.8,0.5,0.6,2.1,4.1
25,Jeff Ayres,PF,26,SAS,17,0,12.1,1.1,2.4,.450,0.0,0.0,,1.1,2.4,.450,0.4,0.6,.545,0.6,2.1,2.7,0.8,0.3,0.2,0.9,1.9,2.5
26,Jose Barea,PG,29,MIN,19,0,18.4,3.3,8.3,.401,0.8,2.8,.283,2.5,5.5,.462,0.5,0.6,.750,0.2,1.8,2.0,3.4,0.4,0.0,1.3,1.2,7.9
27,Andrea Bargnani,C,28,NYK,17,16,31.2,6.0,12.8,.470,1.1,3.3,.339,4.9,9.5,.516,2.2,2.7,.826,1.7,3.5,5.2,1.5,0.4,1.5,1.2,2.8,15.4
28,Harrison Barnes,SF,21,GSW,15,9,32.7,5.3,10.7,.500,1.0,2.1,.469,4.3,8.5,.508,1.9,2.7,.683,0.4,2.9,3.3,1.9,1.0,0.1,1.4,2.2,13.5
29,Matt Barnes,SF,33,LAC,8,0,20.0,1.6,4.8,.342,0.5,2.0,.250,1.1,2.8,.409,2.1,2.5,.850,1.0,3.3,4.3,1.6,1.0,0.1,1.3,2.9,5.9
30,Will Barton,SG,23,POR,6,0,2.8,0.3,0.8,.400,0.0,0.2,.000,0.3,0.7,.500,0.3,0.3,1.000,0.0,0.3,0.3,0.3,0.0,0.0,0.2,0.3,1.0
31,Brandon Bass,PF,28,BOS,20,18,29.2,4.4,9.5,.466,0.1,0.1,.500,4.4,9.4,.465,2.3,2.6,.882,1.6,4.2,5.8,1.3,0.5,1.3,1.1,2.7,11.1
32,Shane Battier,SF,35,MIA,18,13,21.4,1.7,4.1,.405,1.0,3.1,.321,0.7,1.0,.667,0.4,0.5,.778,0.3,1.7,2.0,0.6,0.7,0.6,0.1,1.8,4.7
33,Nicolas Batum,SF,25,POR,19,19,35.8,4.7,10.3,.462,2.1,5.3,.400,2.6,5.0,.526,1.9,2.4,.800,1.4,4.9,6.3,5.0,1.3,0.5,2.4,2.2,13.5
34,Jerryd Bayless,PG,25,MEM,16,1,18.9,2.3,6.6,.340,0.6,2.4,.237,1.7,4.3,.397,1.4,1.8,.821,0.3,1.8,2.1,1.8,0.6,0.1,0.8,2.4,6.5
35,Aron Baynes,C,27,SAS,10,0,8.1,0.6,2.4,.250,0.0,0.0,,0.6,2.4,.250,0.3,0.4,.750,0.7,1.5,2.2,0.6,0.0,0.0,0.7,1.4,1.5
36,Kent Bazemore,SG,24,GSW,14,0,6.8,0.9,2.3,.375,0.3,0.8,.364,0.6,1.5,.381,0.5,1.0,.500,0.1,0.9,1.0,0.5,0.4,0.1,0.9,1.1,2.5
37,Bradley Beal,SG,20,WAS,13,13,40.2,7.8,19.1,.407,2.8,6.3,.439,5.0,12.8,.392,2.3,2.8,.811,0.8,3.3,4.2,3.5,0.9,0.2,2.5,2.3,20.6
38,Michael Beasley,SF,25,MIA,14,0,17.6,4.6,8.5,.546,0.6,1.3,.500,4.0,7.2,.554,1.4,1.9,.769,0.9,3.1,4.0,0.6,0.4,0.5,1.1,1.8,11.4
39,Marco Belinelli,SF,27,SAS,18,1,21.3,3.7,7.1,.516,1.5,2.7,.563,2.2,4.4,.488,0.6,0.7,.769,0.2,2.6,2.8,2.1,0.7,0.1,1.0,1.3,9.4
40,Anthony Bennett,SF,20,CLE,14,0,11.4,0.9,3.9,.241,0.3,1.4,.211,0.6,2.5,.257,0.2,0.6,.375,0.9,1.6,2.4,0.3,0.6,0.1,0.7,1.5,2.4
41,Patrick Beverley,SG,25,HOU,17,16,31.6,3.5,8.6,.404,1.7,4.8,.354,1.8,3.8,.469,0.9,1.1,.833,1.5,2.6,4.1,2.4,1.4,0.5,1.2,2.6,9.5
42,Andris Biedrins,C,27,UTA,2,0,4.0,0.0,0.0,,0.0,0.0,,0.0,0.0,,0.0,0.0,,0.0,1.5,1.5,0.0,0.0,0.0,0.5,1.0,0.0
43,Chauncey Billups,SG,37,DET,7,7,22.1,1.7,5.1,.333,1.0,3.0,.333,0.7,2.1,.333,0.9,1.1,.750,0.3,2.1,2.4,2.4,0.7,0.1,1.4,1.6,5.3
44,Bismack Biyombo,C,21,CHA,17,9,20.4,1.5,2.2,.658,0.0,0.0,,1.5,2.2,.658,0.9,1.8,.484,1.6,5.4,7.0,0.1,0.1,0.9,0.6,1.5,3.8
45,DeJuan Blair,PF,24,DAL,20,2,21.3,3.8,7.2,.528,0.0,0.1,.000,3.8,7.1,.535,1.1,2.0,.538,3.1,4.6,7.6,1.4,1.5,0.4,1.4,3.7,8.7
46,Steve Blake,PG,33,LAL,18,18,31.1,3.5,8.6,.406,2.0,4.7,.429,1.5,3.9,.380,1.0,1.2,.818,0.2,3.1,3.2,7.7,0.9,0.1,2.2,1.6,10.0
47,Andray Blatche,PF,27,BRK,19,5,22.2,4.3,9.0,.480,0.2,0.7,.308,4.1,8.3,.494,1.9,2.9,.673,1.8,3.8,5.6,1.2,1.1,0.4,1.9,2.0,10.8
48,Eric Bledsoe,PG,24,PHO,13,11,34.0,6.5,13.2,.491,1.2,3.5,.326,5.3,9.6,.552,4.8,6.0,.795,0.5,3.7,4.2,5.9,1.6,0.2,3.5,2.2,18.8
49,Keith Bogans,SG,33,BOS,4,0,7.0,0.0,0.5,.000,0.0,0.5,.000,0.0,0.0,,0.0,0.0,,0.0,0.3,0.3,0.0,0.3,0.0,0.3,0.3,0.0
50,Andrew Bogut,C,29,GSW,18,18,27.9,3.4,5.9,.585,0.0,0.0,,3.4,5.9,.585,0.8,1.8,.424,2.3,6.9,9.2,2.0,0.8,1.7,1.8,3.7,7.7
51,Matt Bonner,PF,33,SAS,11,0,12.1,1.2,2.5,.464,0.8,1.9,.429,0.4,0.6,.571,0.0,0.0,,0.1,1.5,1.5,0.9,0.0,0.2,0.3,1.1,3.2
52,Trevor Booker,PF,26,WAS,10,3,14.0,1.8,3.6,.500,0.0,0.1,.000,1.8,3.5,.514,0.0,0.2,.000,1.6,2.1,3.7,1.0,0.7,0.2,0.7,1.5,3.6
53,Carlos Boozer,PF,32,CHI,17,17,30.2,6.6,13.4,.496,0.0,0.0,,6.6,13.4,.496,2.4,3.0,.804,2.3,6.5,8.8,1.9,0.5,0.5,2.4,3.0,15.7
54,Chris Bosh,C,29,MIA,18,18,28.5,5.1,9.9,.514,0.8,1.8,.438,4.3,8.2,.531,3.3,4.2,.776,1.0,4.6,5.6,0.7,0.8,1.2,1.4,3.2,14.3
55,Avery Bradley,PG,23,BOS,20,20,29.9,5.7,13.0,.436,0.8,2.5,.306,4.9,10.5,.467,0.8,1.1,.727,0.9,2.7,3.6,1.3,1.2,0.2,2.1,3.1,12.9
56,Elton Brand,PF,34,ATL,12,0,10.5,1.0,2.3,.444,0.0,0.0,,1.0,2.3,.444,0.6,0.8,.700,0.6,2.6,3.2,0.6,0.2,0.5,0.4,0.9,2.6
57,Corey Brewer,SF,27,MIN,19,19,34.4,5.4,11.5,.466,1.2,4.1,.295,4.2,7.4,.560,2.1,2.8,.741,0.9,1.6,2.5,1.5,1.9,0.4,1.8,2.7,14.1
58,Ronnie Brewer,SF,28,HOU,7,0,5.4,0.1,0.4,.333,0.1,0.4,.333,0.0,0.0,,0.0,0.3,.000,0.1,0.4,0.6,0.6,0.1,0.0,0.0,0.1,0.4
59,Aaron Brooks,PG,29,HOU,17,0,15.2,2.6,5.9,.446,1.2,2.4,.488,1.5,3.5,.417,0.9,1.0,.882,0.5,1.1,1.5,1.9,0.9,0.1,1.3,1.6,7.4
60,MarShon Brooks,SG,25,BOS,6,0,6.8,0.7,2.5,.267,0.0,0.2,.000,0.7,2.3,.286,0.8,1.0,.833,0.2,1.0,1.2,0.3,0.0,0.0,0.2,0.3,2.2
61,Lorenzo Brown,SG,23,PHI,6,0,4.8,0.7,2.3,.286,0.2,0.3,.500,0.5,2.0,.250,0.0,0.0,,0.3,0.5,0.8,0.3,0.3,0.0,0.0,0.2,1.5
62,Reggie Bullock,SF,22,LAC,16,0,10.5,1.1,2.7,.395,0.5,1.7,.296,0.6,1.0,.563,0.3,0.3,.800,0.3,1.2,1.4,0.2,0.1,0.1,0.3,0.5,2.9
63,Trey Burke,PG,21,UTA,8,6,27.4,5.0,12.6,.396,1.6,3.9,.419,3.4,8.8,.386,1.0,1.1,.889,0.4,2.9,3.3,4.1,0.8,0.0,1.3,1.8,12.6
64,Alec Burks,SG,22,UTA,20,3,26.7,4.1,10.2,.399,0.5,1.7,.303,3.6,8.5,.418,2.8,3.9,.727,0.9,1.9,2.8,2.6,0.9,0.3,1.8,2.2,11.4
65,Caron Butler,SF,33,MIL,12,10,29.5,4.6,11.9,.385,2.0,5.4,.369,2.6,6.5,.397,2.0,2.4,.828,0.8,4.8,5.6,1.5,1.0,0.1,2.0,2.1,13.2
66,Jimmy Butler,SG,24,CHI,9,9,29.8,3.3,7.7,.435,1.1,2.9,.385,2.2,4.8,.465,3.4,4.0,.861,1.2,3.6,4.8,1.7,1.8,0.8,1.3,1.0,11.2
67,Rasual Butler,SG,34,IND,6,0,1.5,0.3,0.5,.667,0.3,0.5,.667,0.0,0.0,,0.0,0.0,,0.2,0.2,0.3,0.2,0.0,0.0,0.0,0.2,1.0
68,Dwight Buycks,PG,24,TOR,10,0,10.2,1.0,3.2,.313,0.4,1.4,.286,0.6,1.8,.333,0.7,0.8,.875,0.3,1.2,1.5,0.7,0.3,0.0,0.6,0.9,3.1
69,Andrew Bynum,C,26,CLE,14,9,17.9,3.1,7.9,.400,0.0,0.0,,3.1,7.9,.400,1.6,1.8,.920,1.6,2.8,4.4,1.1,0.1,1.4,1.2,1.3,7.9
70,Will Bynum,PG,31,DET,10,3,18.9,2.9,7.0,.414,0.3,0.9,.333,2.6,6.1,.426,2.2,3.1,.710,0.4,1.2,1.6,3.1,1.1,0.2,1.6,2.5,8.3
71,Nick Calathes,SG,24,MEM,12,0,11.5,0.9,2.6,.355,0.0,0.3,.000,0.9,2.3,.407,0.3,0.9,.364,0.1,0.8,0.9,2.3,0.2,0.1,1.4,1.4,2.2
72,Jose Calderon,SG,32,DAL,19,19,31.2,3.8,8.8,.437,2.7,5.6,.477,1.2,3.2,.367,0.8,0.8,.938,0.3,1.5,1.8,4.7,0.9,0.1,1.4,1.9,11.2
73,Kentavious Caldwell-Pope,SG,20,DET,17,12,22.2,2.9,7.8,.368,0.9,3.1,.288,2.0,4.8,.420,0.9,1.2,.800,0.5,1.6,2.2,1.0,1.0,0.1,0.4,1.8,7.6
74,DeMarre Carroll,SF,27,ATL,20,20,31.2,3.4,7.7,.435,1.2,3.5,.348,2.2,4.3,.506,1.8,2.2,.795,1.5,4.6,6.0,1.6,1.3,0.3,1.0,2.2,9.7
75,Vince Carter,SG,37,DAL,19,0,24.4,3.8,9.9,.383,1.6,4.4,.357,2.2,5.5,.404,1.7,2.1,.800,0.8,2.7,3.5,2.4,0.6,0.5,1.1,2.3,10.8
76,Michael Carter-Williams,PG,22,PHI,15,15,36.7,6.3,15.5,.408,1.5,4.5,.324,4.9,11.0,.442,3.5,5.3,.671,1.7,4.1,5.8,7.3,3.1,0.7,3.7,2.7,17.7
77,Omri Casspi,PF,25,HOU,19,0,22.2,3.4,7.2,.474,1.3,3.1,.431,2.1,4.2,.506,1.3,1.8,.706,0.7,3.6,4.3,1.5,0.9,0.3,1.5,1.9,9.4
78,Mario Chalmers,PG,27,MIA,17,17,26.9,2.9,6.9,.419,1.4,3.5,.400,1.5,3.4,.439,1.5,2.1,.743,0.5,2.0,2.5,4.9,1.6,0.2,2.0,2.9,8.7
79,Tyson Chandler,C,31,NYK,4,4,26.8,3.0,5.0,.600,0.0,0.0,,3.0,5.0,.600,1.3,1.8,.714,3.8,5.3,9.0,1.3,1.0,2.5,1.8,2.5,7.3
80,Wilson Chandler,SF,26,DEN,12,9,27.9,3.8,9.3,.414,1.5,4.4,.340,2.3,4.8,.483,1.3,1.8,.727,0.7,3.3,3.9,1.7,1.3,0.6,0.8,2.6,10.5
81,Josh Childress,SF,30,NOP,3,0,7.0,0.0,0.0,,0.0,0.0,,0.0,0.0,,0.0,0.0,,0.0,0.7,0.7,0.3,0.3,0.0,0.3,0.3,0.0
82,Dionte Christmas,SF,27,PHO,13,0,7.3,0.8,2.1,.370,0.3,1.0,.308,0.5,1.1,.429,0.2,0.3,.750,0.3,1.0,1.3,0.1,0.2,0.0,0.2,0.7,2.1
83,Earl Clark,PF,26,CLE,15,9,19.5,2.3,5.9,.398,1.1,2.4,.444,1.3,3.5,.365,0.3,0.7,.500,0.5,3.0,3.5,0.5,0.7,0.5,0.9,1.8,6.1
84,Ian Clark,SG,22,UTA,8,0,8.8,1.1,3.3,.346,0.4,1.4,.273,0.8,1.9,.400,0.1,0.4,.333,0.1,0.8,0.9,0.6,0.1,0.1,0.5,1.1,2.8
85,Victor Claver,SF,25,POR,3,0,1.3,0.0,0.0,,0.0,0.0,,0.0,0.0,,0.0,0.0,,0.0,0.0,0.0,0.0,0.0,0.0,0.3,0.0,0.0
86,Norris Cole,PG,25,MIA,19,2,24.6,2.9,6.5,.447,0.8,1.8,.457,2.1,4.6,.443,0.4,0.5,.800,0.2,2.7,2.9,3.4,0.8,0.1,1.6,1.7,7.1
87,Darren Collison,PG,26,LAC,20,1,17.3,2.7,6.2,.431,0.6,1.6,.375,2.1,4.6,.451,1.4,1.7,.824,0.6,1.5,2.1,2.0,0.8,0.3,1.3,1.6,7.3
88,Nick Collison,PF,33,OKC,16,0,17.2,1.6,3.1,.510,0.1,0.3,.200,1.5,2.8,.545,1.0,1.3,.800,1.0,2.3,3.3,0.9,0.5,0.2,0.9,2.5,4.2
89,Mike Conley,PG,26,MEM,18,18,33.8,7.0,14.3,.490,1.2,3.8,.319,5.8,10.4,.553,2.9,3.4,.869,0.5,1.5,2.0,6.4,1.5,0.2,1.8,2.2,18.2
90,Chris Copeland,SF,29,IND,10,0,6.6,1.0,2.6,.385,0.9,2.3,.391,0.1,0.3,.333,0.2,0.2,1.000,0.0,0.3,0.3,0.4,0.1,0.2,0.1,0.9,3.1
91,DeMarcus Cousins,C,23,SAC,15,15,30.6,8.5,17.5,.485,0.0,0.3,.000,8.5,17.2,.492,4.8,6.9,.699,2.3,7.7,10.1,2.6,1.6,1.2,2.8,4.3,21.7
92,Allen Crabbe,SG,21,POR,5,0,2.0,0.2,0.4,.500,0.0,0.0,,0.2,0.4,.500,0.4,0.6,.667,0.0,0.2,0.2,0.2,0.0,0.0,0.0,0.2,0.8
93,Jamal Crawford,SG,33,LAC,20,0,27.3,5.8,12.8,.449,2.0,5.4,.370,3.8,7.4,.507,2.3,2.8,.821,0.5,2.0,2.5,2.7,0.6,0.1,2.1,1.5,15.8
94,Jordan Crawford,SG,25,BOS,20,16,29.1,4.6,10.4,.442,1.3,3.3,.379,3.4,7.1,.472,2.6,3.0,.881,0.6,2.7,3.2,5.2,1.1,0.1,2.1,2.0,13.1
95,Jae Crowder,SF,23,DAL,20,1,16.8,2.3,4.9,.464,1.1,2.8,.400,1.2,2.1,.548,0.3,0.5,.600,0.5,1.9,2.3,1.0,0.5,0.3,0.8,1.4,5.9
96,Dante Cunningham,SF,26,MIN,19,0,19.2,2.7,5.8,.473,0.0,0.1,.000,2.7,5.7,.481,0.0,0.1,.000,1.5,2.4,3.8,1.1,0.7,0.8,0.4,1.8,5.5
97,Jared Cunningham,SG,22,ATL,1,0,4.0,0.0,0.0,,0.0,0.0,,0.0,0.0,,0.0,0.0,,0.0,0.0,0.0,0.0,0.0,0.0,0.0,0.0,0.0
98,Stephen Curry,PG,25,GSW,16,16,36.1,8.1,17.5,.464,3.4,7.6,.443,4.8,9.9,.481,2.9,3.4,.870,0.6,3.6,4.3,8.8,1.9,0.3,3.8,2.4,22.6
99,Samuel Dalembert,C,32,DAL,20,17,23.2,3.0,4.9,.602,0.0,0.0,,3.0,4.9,.602,1.7,2.1,.786,2.4,4.5,6.9,0.5,0.7,1.5,1.2,2.8,7.6
100,Luigi Datome,SF,26,DET,11,0,6.5,1.2,3.0,.394,0.4,1.8,.200,0.8,1.2,.692,0.2,0.2,1.000,0.2,0.7,0.9,0.2,0.2,0.1,0.4,0.9,2.9
101,Brandon Davies,PF,22,PHI,16,0,11.6,0.8,2.3,.324,0.0,0.2,.000,0.8,2.1,.353,0.6,0.9,.667,0.8,1.3,2.1,0.8,0.5,0.2,0.6,1.5,2.1
102,Anthony Davis,C,20,NOP,16,16,33.6,7.0,14.1,.498,0.0,0.0,,7.0,14.1,.498,4.8,5.7,.846,3.8,6.4,10.2,1.6,1.6,3.6,1.4,3.1,18.8
103,Ed Davis,PF,24,MEM,15,2,15.5,2.5,4.7,.529,0.0,0.0,,2.5,4.7,.529,0.9,1.7,.538,1.5,2.7,4.3,0.7,0.1,0.9,0.5,1.8,5.9
104,Glen Davis,PF,28,ORL,7,5,31.1,6.1,12.3,.500,0.1,0.1,1.000,6.0,12.1,.494,1.6,2.4,.647,1.6,3.4,5.0,1.7,1.6,0.3,2.3,3.6,14.0
105,Austin Daye,SF,25,TOR,4,0,3.0,0.3,1.3,.200,0.0,1.0,.000,0.3,0.3,1.000,0.0,0.0,,0.3,0.8,1.0,0.3,0.0,0.0,0.0,1.0,0.5
106,Nando De Colo,SF,26,SAS,6,0,9.0,1.0,2.2,.462,0.7,1.7,.400,0.3,0.5,.667,0.0,0.2,.000,0.2,1.5,1.7,1.7,0.5,0.0,1.2,1.0,2.7
107,Dewayne Dedmon,C,24,GSW,4,0,1.5,0.0,0.3,.000,0.0,0.0,,0.0,0.3,.000,0.3,0.5,.500,0.0,0.0,0.0,0.0,0.0,0.0,0.0,0.3,0.3
108,Matthew Dellavedova,SG,23,CLE,11,3,13.7,1.3,2.8,.452,0.5,1.5,.375,0.7,1.4,.533,0.4,0.5,.667,0.2,1.3,1.5,0.9,0.6,0.0,0.5,1.3,3.5
109,Luol Deng,SF,28,CHI,17,17,38.6,7.1,15.4,.458,0.8,2.9,.260,6.3,12.5,.505,4.5,5.5,.819,1.6,5.5,7.1,4.2,1.1,0.2,2.6,2.5,19.4
110,DeMar DeRozan,SG,24,TOR,17,17,38.6,7.8,17.8,.439,1.5,3.8,.391,6.4,14.1,.452,4.7,5.9,.792,0.5,3.2,3.8,2.8,1.0,0.4,2.3,1.9,21.8
111,Boris Diaw,PF,31,SAS,17,5,22.9,4.5,7.9,.570,0.6,1.9,.313,3.9,6.1,.650,1.1,1.5,.731,0.7,2.8,3.5,1.7,0.5,0.5,1.4,1.5,10.8
112,Gorgui Dieng,C,24,MIN,11,0,5.8,0.5,1.2,.462,0.0,0.0,,0.5,1.2,.462,0.2,0.7,.250,0.6,1.3,1.9,0.6,0.3,1.1,0.7,1.3,1.3
113,Toney Douglas,PG,27,GSW,7,0,16.0,2.4,5.6,.436,1.6,3.6,.440,0.9,2.0,.429,0.0,0.0,,0.4,1.1,1.6,1.6,0.3,0.0,1.1,1.9,6.4
114,Goran Dragic,SG,27,PHO,16,15,34.6,6.3,13.0,.486,1.1,3.4,.315,5.3,9.6,.545,4.3,5.4,.782,0.6,2.3,2.9,6.7,1.0,0.4,2.7,2.4,17.9
115,Andre Drummond,C,20,DET,19,19,32.7,6.1,9.4,.646,0.0,0.0,,6.1,9.4,.646,1.4,3.8,.370,4.9,7.9,12.8,0.3,2.0,1.3,1.2,3.3,13.5
116,Jared Dudley,SF,28,LAC,20,20,27.7,3.2,7.0,.453,1.3,3.5,.357,1.9,3.5,.551,0.6,0.9,.647,0.4,1.1,1.5,1.5,0.6,0.1,1.1,2.8,8.1
117,Tim Duncan,C,37,SAS,16,16,27.9,5.3,11.8,.444,0.0,0.1,.000,5.3,11.7,.449,2.6,3.4,.745,1.6,6.4,8.1,2.9,0.4,1.9,1.8,1.3,13.1
118,Mike Dunleavy,SF,33,CHI,17,3,25.9,2.9,6.8,.422,1.5,3.3,.446,1.4,3.5,.400,1.2,1.4,.870,0.2,3.4,3.5,1.8,0.5,0.1,1.0,1.7,8.4
119,Kevin Durant,SF,25,OKC,17,17,39.1,8.5,18.8,.455,1.6,4.5,.364,6.9,14.2,.483,9.8,11.1,.878,0.9,7.2,8.2,5.1,1.4,0.8,3.6,2.2,28.5
120,Wayne Ellington,SG,26,DAL,12,0,8.4,1.0,2.6,.387,0.4,1.3,.333,0.6,1.3,.438,0.2,0.3,.667,0.2,0.6,0.8,0.3,0.3,0.2,0.2,0.8,2.6
121,Monta Ellis,PG,28,DAL,20,20,37.2,7.7,16.4,.471,0.9,2.4,.362,6.9,14.0,.489,5.3,6.3,.841,0.5,3.1,3.5,5.8,1.6,0.2,3.6,2.6,21.6
122,Jeremy Evans,SF,26,UTA,7,0,19.0,3.7,5.1,.722,0.0,0.0,,3.7,5.1,.722,0.9,1.4,.600,1.9,2.6,4.4,1.1,1.0,0.9,1.4,3.1,8.3
123,Reggie Evans,PF,33,BRK,15,4,13.9,0.5,1.7,.308,0.0,0.0,,0.5,1.7,.308,1.0,1.6,.625,1.5,3.6,5.1,0.1,0.2,0.1,1.0,1.9,2.1
124,Tyreke Evans,SF,24,NOP,18,0,25.6,4.6,11.1,.410,0.1,1.0,.111,4.4,10.1,.440,2.6,3.6,.734,0.8,3.7,4.5,3.8,1.3,0.4,1.9,2.5,11.8
125,Kenneth Faried,PF,24,DEN,18,16,25.0,4.4,8.2,.544,0.0,0.1,.000,4.4,8.1,.548,1.9,3.1,.618,3.4,5.4,8.8,1.0,0.7,0.7,1.1,1.7,10.8
126,Jordan Farmar,PG,27,LAL,18,0,18.9,3.5,8.0,.438,1.2,3.1,.393,2.3,4.9,.466,0.9,1.2,.773,0.7,2.2,2.9,4.4,0.7,0.2,2.1,1.5,9.2
127,Vitor Faverani,C,25,BOS,20,8,16.2,2.1,5.0,.420,0.5,1.4,.333,1.7,3.7,.452,1.0,1.7,.606,1.6,3.1,4.7,0.5,0.5,1.1,1.4,2.5,5.7
128,Derrick Favors,PF,22,UTA,20,20,32.7,5.3,10.4,.512,0.0,0.1,.000,5.3,10.3,.515,3.1,4.7,.649,3.1,6.8,9.9,1.4,1.3,1.2,2.2,3.6,13.7
129,Carrick Felix,SG,23,CLE,3,0,5.0,0.3,1.3,.250,0.0,0.3,.000,0.3,1.0,.333,0.7,0.7,1.000,0.3,0.3,0.7,0.3,0.0,0.0,0.7,0.3,1.3
130,Raymond Felton,PG,29,NYK,13,13,34.8,4.5,11.2,.397,1.2,4.1,.283,3.3,7.2,.462,1.1,1.4,.778,0.8,1.8,2.5,5.6,1.2,0.7,2.4,2.7,11.2
131,Landry Fields,SF,25,TOR,14,0,13.6,1.2,2.9,.415,0.0,0.1,.000,1.2,2.8,.436,0.8,1.4,.579,0.8,2.0,2.8,1.0,0.2,0.1,0.4,1.6,3.2
132,Derek Fisher,SG,39,OKC,16,0,13.1,1.1,2.9,.370,0.1,1.1,.111,0.9,1.8,.536,0.6,0.6,1.000,0.2,1.2,1.4,1.0,0.6,0.0,0.4,1.6,2.9
133,Evan Fournier,SG,21,DEN,18,0,11.5,1.6,4.1,.384,0.6,1.6,.357,1.0,2.5,.400,0.6,0.9,.588,0.3,1.1,1.4,0.7,0.1,0.2,0.5,1.7,4.2
134,Randy Foye,SG,30,DEN,18,18,25.5,3.4,8.4,.401,1.9,5.2,.376,1.4,3.3,.441,1.4,1.8,.788,0.1,2.1,2.2,2.2,0.8,0.6,1.2,2.6,10.2
135,Jamaal Franklin,SG,22,MEM,6,0,6.5,0.7,1.2,.571,0.0,0.2,.000,0.7,1.0,.667,0.0,0.0,,0.3,1.3,1.7,0.3,0.0,0.2,0.2,1.0,1.3
136,Jimmer Fredette,SG,24,SAC,6,0,12.2,1.5,4.2,.360,0.7,1.3,.500,0.8,2.8,.294,0.3,0.3,1.000,0.2,1.5,1.7,1.7,0.7,0.0,0.5,0.3,4.0
137,Joel Freeland,C,26,POR,18,0,14.5,1.4,3.3,.424,0.0,0.1,.000,1.4,3.2,.439,0.7,0.8,.857,1.8,1.6,3.4,1.1,0.3,0.6,0.8,1.9,3.4
138,Channing Frye,PF,30,PHO,19,19,27.2,4.2,8.8,.470,1.8,4.6,.398,2.3,4.2,.550,0.7,0.8,.813,0.9,4.4,5.3,0.9,0.9,0.8,0.8,3.3,10.8
139,Francisco Garcia,SF,32,HOU,19,2,21.4,2.9,6.8,.426,1.7,4.6,.375,1.2,2.2,.537,0.4,0.5,.700,0.3,2.2,2.5,1.3,0.6,0.8,0.8,2.1,7.9
140,Kevin Garnett,C,37,BRK,17,17,22.5,3.1,8.2,.371,0.0,0.2,.000,3.1,8.1,.380,0.4,0.4,.857,1.4,6.1,7.5,1.8,0.9,0.8,1.2,2.8,6.5
141,Diante Garrett,PG,25,UTA,11,0,15.2,1.8,4.2,.435,0.5,1.2,.385,1.4,3.0,.455,0.0,0.0,,0.3,0.5,0.8,3.2,0.8,0.0,1.4,0.5,4.1
142,Marc Gasol,C,29,MEM,13,13,34.4,5.9,12.9,.458,0.0,0.1,.000,5.9,12.8,.461,4.2,4.7,.885,1.5,5.5,7.1,4.3,0.9,1.1,1.7,2.5,16.0
143,Pau Gasol,C,33,LAL,18,18,30.6,6.0,14.3,.419,0.2,0.5,.333,5.8,13.8,.422,2.1,2.9,.717,1.7,8.3,9.9,3.1,0.2,1.3,2.3,1.9,14.3
144,Rudy Gay,SF,27,TOR,17,17,35.6,7.3,18.8,.388,1.2,3.3,.375,6.1,15.5,.390,3.8,4.9,.762,1.6,5.6,7.2,2.2,1.5,1.3,3.4,2.6,19.6
145,Alonzo Gee,SF,26,CLE,18,9,20.1,1.5,3.3,.458,0.4,1.1,.350,1.1,2.2,.513,0.6,0.7,.833,0.4,2.1,2.6,0.7,0.8,0.2,0.9,1.9,3.9
146,Paul George,SF,23,IND,19,19,36.5,8.7,18.6,.469,2.6,6.7,.394,6.1,11.9,.511,4.5,5.3,.842,0.7,5.3,5.9,3.4,2.2,0.4,2.7,2.3,24.6
147,Taj Gibson,PF,28,CHI,17,0,25.8,5.0,10.1,.497,0.0,0.1,.000,5.0,10.0,.500,1.9,2.7,.717,2.6,3.9,6.5,0.6,0.4,1.2,1.4,2.5,11.9
148,Manu Ginobili,SG,36,SAS,18,0,23.4,4.0,9.0,.444,1.3,3.9,.343,2.7,5.1,.522,1.0,1.1,.900,0.4,3.2,3.6,4.5,1.1,0.2,1.8,2.1,10.3
149,Rudy Gobert,C,21,UTA,14,0,11.5,0.8,1.7,.458,0.0,0.0,,0.8,1.7,.458,0.8,2.1,.379,1.6,2.9,4.6,0.1,0.3,0.8,1.2,1.9,2.4
150,Ryan Gomes,SF,31,OKC,3,0,7.7,0.7,2.0,.333,0.0,0.7,.000,0.7,1.3,.500,0.0,0.0,,0.0,0.7,0.7,0.3,0.0,0.0,0.3,1.7,1.3
151,Archie Goodwin,SG,19,PHO,18,0,11.1,1.6,3.8,.406,0.1,1.1,.100,1.4,2.7,.531,0.4,0.7,.538,0.3,1.4,1.7,0.4,0.4,0.3,1.1,0.7,3.6
152,Ben Gordon,SG,30,CHA,4,0,11.5,1.3,4.8,.263,0.0,1.0,.000,1.3,3.8,.333,1.8,2.5,.700,0.0,1.0,1.0,1.0,0.5,0.0,1.0,0.8,4.3
153,Eric Gordon,SG,25,NOP,18,18,32.2,5.6,13.6,.414,1.6,4.2,.368,4.1,9.3,.435,3.2,4.0,.792,0.6,2.3,2.9,3.0,1.8,0.2,2.1,1.6,15.9
154,Marcin Gortat,C,29,WAS,18,17,34.1,5.7,10.2,.554,0.1,0.1,1.000,5.6,10.2,.552,1.9,2.8,.686,2.1,7.1,9.2,1.6,0.5,1.6,1.7,2.2,13.3
155,Aaron Gray,C,29,TOR,4,0,5.0,0.5,0.8,.667,0.0,0.0,,0.5,0.8,.667,0.3,0.5,.500,0.8,1.3,2.0,0.8,0.0,0.0,1.0,1.8,1.3
156,Danny Green,SG,26,SAS,18,18,23.6,2.9,6.7,.430,1.8,4.2,.427,1.1,2.6,.435,0.2,0.2,1.000,0.3,3.1,3.3,1.4,1.2,0.9,1.1,1.2,7.8
157,Draymond Green,SF,23,GSW,19,0,19.1,1.8,4.0,.447,0.8,2.1,.375,1.0,1.9,.528,0.7,1.3,.542,0.6,3.5,4.1,1.3,1.2,0.8,1.0,2.1,5.1
158,Gerald Green,SG,28,PHO,19,12,28.0,4.8,11.0,.435,2.4,6.6,.365,2.4,4.4,.542,1.5,1.9,.806,0.5,2.2,2.7,1.4,0.6,0.4,1.9,2.8,13.5
159,Jeff Green,SF,27,BOS,20,20,34.1,5.7,12.6,.454,1.4,3.7,.384,4.3,8.9,.483,4.0,5.1,.775,0.8,3.7,4.5,1.7,0.4,0.4,2.0,1.8,16.8
160,Willie Green,SG,32,LAC,8,3,13.3,1.3,4.1,.303,0.3,1.1,.222,1.0,3.0,.333,0.4,0.5,.750,0.3,0.6,0.9,0.3,0.3,0.1,0.3,1.4,3.1
161,Blake Griffin,PF,24,LAC,20,20,36.6,8.4,15.8,.533,0.2,0.3,.500,8.3,15.5,.534,4.1,6.2,.653,2.4,8.4,10.8,3.1,1.1,0.7,2.7,3.5,21.0
162,Jordan Hamilton,SF,23,DEN,16,7,17.3,3.3,7.5,.433,1.5,3.9,.381,1.8,3.6,.491,0.8,1.0,.813,0.6,3.1,3.7,0.9,0.8,0.3,1.1,1.0,8.8
163,Tyler Hansbrough,PF,28,TOR,17,2,21.3,1.8,4.2,.437,0.0,0.1,.000,1.8,4.1,.443,3.1,4.1,.757,2.8,3.6,6.4,0.4,0.4,0.4,0.9,2.7,6.8
164,Tim Hardaway,SG,21,NYK,16,0,15.6,2.8,6.2,.444,1.3,3.2,.392,1.5,3.0,.500,0.8,0.9,.867,0.3,0.7,1.0,0.8,0.3,0.1,0.5,1.2,7.6
165,James Harden,SG,24,HOU,16,16,38.7,7.1,16.1,.440,1.9,6.6,.292,5.1,9.4,.543,7.8,9.0,.861,0.9,3.6,4.5,5.5,1.6,0.6,4.1,2.8,23.8
166,Maurice Harkless,SF,20,ORL,18,13,24.8,3.1,6.8,.451,0.8,2.0,.389,2.3,4.8,.477,1.2,2.4,.500,1.1,2.4,3.6,0.9,1.2,0.7,1.3,2.3,8.1
167,Josh Harrellson,C,24,DET,10,0,7.6,1.1,2.3,.478,0.3,0.9,.333,0.8,1.4,.571,0.0,0.0,,0.7,0.7,1.4,0.2,0.2,0.2,0.2,1.0,2.5
168,Al Harrington,PF,33,WAS,7,0,18.6,2.7,7.4,.365,1.7,4.0,.429,1.0,3.4,.292,0.7,1.0,.714,0.0,1.4,1.4,1.0,0.6,0.0,1.3,2.3,7.9
169,Elias Harris,SF,24,LAL,2,0,5.5,0.0,0.5,.000,0.0,0.0,,0.0,0.5,.000,0.0,0.0,,0.5,0.0,0.5,0.5,0.5,0.0,0.0,0.0,0.0
170,Mike Harris,PF,30,UTA,14,0,12.1,1.1,2.9,.400,0.0,0.1,.000,1.1,2.7,.421,1.6,1.6,.957,0.7,1.0,1.7,0.3,0.9,0.4,0.6,1.8,3.9
171,Tobias Harris,PF,21,ORL,1,0,16.0,3.0,8.0,.375,0.0,3.0,.000,3.0,5.0,.600,0.0,0.0,,0.0,1.0,1.0,0.0,0.0,0.0,1.0,2.0,6.0
172,Udonis Haslem,PF,33,MIA,10,6,14.4,1.3,2.9,.448,0.0,0.0,,1.3,2.9,.448,0.7,1.2,.583,0.7,1.6,2.3,0.2,0.2,0.2,0.6,2.3,3.3
173,Spencer Hawes,C,25,PHI,17,17,33.3,6.3,12.4,.510,1.9,4.2,.451,4.4,8.2,.540,1.7,2.4,.725,1.9,8.1,9.9,3.0,0.5,1.7,2.2,2.9,16.2
174,Chuck Hayes,C,30,SAC,14,1,10.4,0.7,1.6,.435,0.0,0.0,,0.7,1.6,.435,0.1,0.3,.500,1.1,1.4,2.5,0.3,0.7,0.1,0.4,1.1,1.6
175,Gordon Hayward,SF,23,UTA,20,20,36.9,5.9,14.9,.393,1.1,3.8,.289,4.8,11.1,.428,3.9,4.8,.821,1.0,4.4,5.4,5.1,1.4,0.5,3.2,2.3,16.7
176,Gerald Henderson,SG,26,CHA,19,19,32.2,5.3,13.2,.400,0.4,1.2,.304,4.9,11.9,.410,3.7,4.6,.795,0.7,4.1,4.8,2.5,1.0,0.3,1.9,2.3,14.6
177,Xavier Henry,SF,22,LAL,18,2,19.3,3.0,6.8,.439,0.8,1.7,.452,2.2,5.1,.435,2.4,4.1,.581,0.7,1.9,2.6,0.7,0.8,0.1,1.2,1.8,9.2
178,John Henson,PF,23,MIL,18,5,25.2,4.5,9.0,.500,0.0,0.0,,4.5,9.0,.500,1.4,2.3,.619,1.8,4.6,6.4,1.6,0.7,2.2,1.2,2.6,10.4
179,Roy Hibbert,C,27,IND,19,19,30.8,4.6,9.9,.468,0.1,0.2,.333,4.6,9.7,.470,3.2,4.2,.759,3.5,5.6,9.1,1.3,0.3,3.4,2.4,3.3,12.5
180,J.J. Hickson,PF,25,DEN,18,15,24.8,4.3,9.0,.475,0.0,0.1,.000,4.3,8.9,.478,1.6,3.0,.537,2.7,5.6,8.2,0.8,0.6,0.8,1.6,2.4,10.2
181,Nene Hilario,PF,31,WAS,15,15,33.1,5.7,11.1,.509,0.0,0.1,.000,5.7,11.1,.512,3.7,5.6,.667,1.3,5.2,6.5,2.9,1.0,1.1,1.9,3.3,15.1
182,George Hill,PG,27,IND,16,16,33.0,4.0,10.1,.398,1.5,4.0,.375,2.5,6.1,.412,2.6,3.2,.824,0.6,2.9,3.5,4.3,1.1,0.6,1.8,2.0,12.1
183,Jordan Hill,PF,26,LAL,18,10,22.0,3.8,7.0,.540,0.0,0.0,,3.8,7.0,.540,1.4,2.1,.658,3.2,5.3,8.5,1.1,0.4,1.0,1.2,2.6,8.9
184,Solomon Hill,SF,22,IND,14,0,9.6,0.5,1.5,.333,0.3,1.1,.250,0.2,0.4,.600,0.2,0.2,1.000,0.6,1.2,1.8,0.6,0.1,0.1,0.5,0.8,1.5
185,Kirk Hinrich,PG,33,CHI,17,7,30.8,2.9,7.6,.380,1.0,3.2,.315,1.9,4.4,.427,2.2,2.6,.841,0.4,2.8,3.2,5.2,0.9,0.4,2.1,3.2,8.9
186,Jrue Holiday,PG,23,NOP,18,18,34.4,6.2,14.1,.443,1.0,2.3,.429,5.2,11.7,.445,1.7,1.9,.882,1.0,3.3,4.3,8.1,1.5,0.4,3.3,2.9,15.1
187,Ryan Hollins,PF,29,LAC,17,0,9.8,1.2,1.7,.690,0.0,0.0,,1.2,1.7,.690,0.6,1.2,.500,0.5,1.3,1.8,0.1,0.1,0.5,0.8,2.0,2.9
188,Al Horford,C,27,ATL,20,20,32.8,7.6,13.9,.547,0.1,0.3,.167,7.6,13.6,.555,2.0,3.1,.645,1.9,6.1,8.0,2.4,1.1,1.7,2.3,1.8,17.3
189,Dwight Howard,C,28,HOU,20,20,33.3,5.7,10.3,.556,0.0,0.1,.000,5.7,10.2,.559,5.2,9.4,.548,3.5,9.1,12.6,1.8,0.6,1.8,3.2,3.7,16.6
190,Robbie Hummel,SF,24,MIN,14,1,11.8,1.0,3.1,.326,0.5,2.0,.250,0.5,1.1,.467,0.2,0.2,1.000,0.6,2.1,2.7,0.4,0.4,0.1,0.2,1.5,2.7
191,Kris Humphries,PF,28,BOS,15,0,13.5,1.8,3.7,.482,0.0,0.1,.000,1.8,3.7,.491,0.9,1.1,.824,0.9,3.1,4.1,0.4,0.1,0.9,0.7,1.2,4.5
192,Serge Ibaka,PF,24,OKC,17,17,34.1,6.3,12.4,.510,0.2,0.6,.273,6.1,11.7,.523,1.9,2.4,.805,3.0,7.1,10.1,0.9,0.2,2.6,1.4,2.5,14.7
193,Andre Iguodala,SF,30,GSW,13,13,37.2,4.6,8.5,.545,1.8,3.7,.479,2.8,4.8,.597,1.9,3.2,.610,0.5,3.7,4.2,6.3,1.9,0.3,2.5,2.1,12.9
194,Ersan Ilyasova,PF,26,MIL,11,7,25.0,4.1,8.7,.469,0.6,2.0,.318,3.5,6.7,.514,0.5,0.7,.750,1.5,3.4,4.9,1.8,1.2,0.3,1.9,2.5,9.4
195,Kyrie Irving,PG,21,CLE,18,18,34.9,7.7,19.1,.404,1.5,4.8,.310,6.2,14.3,.436,3.8,4.8,.802,0.8,2.6,3.3,5.8,1.0,0.2,3.2,2.4,20.8
196,Jarrett Jack,PG,30,CLE,18,0,26.8,3.7,8.7,.427,0.9,2.4,.372,2.8,6.3,.447,1.1,1.2,.864,0.2,2.1,2.3,3.7,0.8,0.5,2.3,1.3,9.4
197,Reggie Jackson,PG,23,OKC,17,3,24.3,4.5,9.4,.481,0.6,2.1,.306,3.9,7.3,.532,1.5,1.6,.929,0.4,3.5,3.8,3.5,0.9,0.1,2.1,1.2,11.2
198,Bernard James,C,28,DAL,8,0,5.6,0.5,0.8,.667,0.0,0.0,,0.5,0.8,.667,0.3,0.3,1.000,0.5,1.1,1.6,0.1,0.0,0.1,0.6,1.1,1.3
199,LeBron James,PF,29,MIA,19,19,35.4,9.1,15.6,.584,1.5,3.2,.459,7.6,12.4,.617,6.1,7.6,.793,0.6,5.1,5.7,6.1,1.2,0.4,3.5,1.3,25.7
200,Mike James,PG,38,CHI,6,0,5.8,0.2,1.5,.111,0.0,0.3,.000,0.2,1.2,.143,0.0,0.0,,0.0,0.5,0.5,1.0,0.2,0.0,0.2,1.3,0.3
201,Antawn Jamison,PF,37,LAC,6,0,15.0,2.0,5.3,.375,0.8,1.5,.556,1.2,3.8,.304,1.2,1.7,.700,0.3,2.8,3.2,0.3,0.5,0.0,0.7,2.2,6.0
202,Al Jefferson,PF,29,CHA,10,10,30.9,6.7,13.9,.482,0.0,0.0,,6.7,13.9,.482,2.7,4.0,.675,2.7,6.1,8.8,2.0,0.9,1.6,1.3,2.8,16.1
203,Richard Jefferson,SF,33,UTA,20,20,28.6,3.4,8.6,.395,1.3,3.7,.342,2.2,5.0,.434,1.7,2.1,.786,0.4,2.4,2.7,1.9,0.7,0.3,1.8,2.2,9.7
204,John Jenkins,SG,22,ATL,10,0,13.5,1.3,3.4,.382,0.4,1.7,.235,0.9,1.7,.529,0.3,0.3,1.000,0.1,1.6,1.7,0.9,0.1,0.1,0.9,0.7,3.3
205,Brandon Jennings,PG,24,DET,17,16,36.4,5.7,14.9,.382,1.6,4.6,.342,4.1,10.3,.400,2.9,3.8,.769,1.1,2.2,3.2,8.4,1.6,0.1,3.5,1.9,15.9
206,Jonas Jerebko,PF,26,DET,13,0,7.4,1.1,2.3,.467,0.2,0.8,.300,0.8,1.5,.550,0.8,1.0,.769,0.5,1.1,1.6,0.5,0.2,0.2,0.7,0.8,3.2
207,Amir Johnson,PF,26,TOR,17,15,28.1,3.9,7.0,.555,0.3,1.2,.238,3.6,5.8,.622,1.1,1.5,.720,2.3,3.9,6.2,1.2,0.5,0.8,1.5,3.7,9.1
208,Joe Johnson,SG,32,BRK,19,19,33.5,5.6,13.1,.427,1.9,4.6,.414,3.7,8.5,.435,2.8,3.4,.828,0.7,2.3,3.0,2.6,0.4,0.3,1.1,1.7,15.8
209,Orlando Johnson,SG,24,IND,19,0,13.2,1.5,3.5,.418,0.4,1.5,.276,1.1,2.0,.526,0.7,0.8,.875,0.3,1.7,2.0,0.7,0.2,0.1,0.6,0.7,4.1
210,Wesley Johnson,SF,26,LAL,18,10,24.6,3.2,7.4,.436,1.4,3.3,.441,1.8,4.1,.432,0.6,0.7,.769,0.8,2.9,3.7,1.3,1.0,1.6,1.0,3.1,8.4
211,James Jones,SF,33,MIA,5,3,10.4,1.6,3.8,.421,1.6,3.0,.533,0.0,0.8,.000,0.6,1.0,.600,0.0,0.6,0.6,0.8,0.2,0.2,0.2,0.0,5.4
212,Perry Jones,PF,22,OKC,12,0,9.2,1.3,2.3,.571,0.5,0.8,.600,0.8,1.5,.556,0.2,0.3,.500,0.3,1.4,1.8,0.3,0.2,0.4,0.4,0.7,3.3
213,Solomon Jones,PF,29,ORL,9,0,8.4,0.7,1.8,.375,0.0,0.0,,0.7,1.8,.375,0.2,0.4,.500,0.9,0.9,1.8,0.2,0.2,0.2,0.2,1.2,1.6
214,Terrence Jones,PF,22,HOU,17,12,22.9,3.8,7.4,.508,0.6,1.4,.417,3.2,6.0,.529,1.4,2.1,.686,1.9,4.5,6.4,1.0,0.2,1.2,1.1,1.8,9.5
215,DeAndre Jordan,C,25,LAC,20,20,35.3,4.0,6.5,.608,0.0,0.0,,4.0,6.5,.608,1.9,4.9,.388,4.4,8.5,12.9,1.0,1.2,2.2,1.6,3.6,9.8
216,Cory Joseph,SG,22,SAS,11,1,7.4,0.9,2.1,.435,0.1,0.2,.500,0.8,1.9,.429,1.7,2.1,.826,0.2,0.7,0.9,1.1,0.1,0.0,0.6,0.6,3.6
217,Chris Kaman,C,31,LAL,12,3,17.3,3.9,8.0,.490,0.0,0.0,,3.9,8.0,.490,0.4,0.5,.833,1.5,3.8,5.3,1.1,0.3,0.8,1.9,2.3,8.3
218,Enes Kanter,C,21,UTA,19,15,29.6,5.4,11.1,.490,0.0,0.0,,5.4,11.1,.490,2.0,2.6,.760,2.7,3.8,6.6,0.8,0.1,0.6,2.0,3.1,12.8
219,Sergey Karasev,SF,20,CLE,10,1,10.3,0.8,2.5,.320,0.4,1.4,.286,0.4,1.1,.364,0.9,1.0,.900,0.0,1.2,1.2,0.4,0.2,0.1,0.7,1.3,2.9
220,Ryan Kelly,PF,22,LAL,2,0,3.5,1.0,1.5,.667,1.0,1.5,.667,0.0,0.0,,0.0,0.5,.000,0.5,0.5,1.0,0.0,0.0,0.0,0.0,0.5,3.0
221,Michael Kidd-Gilchrist,SF,20,CHA,18,18,26.7,3.4,6.9,.500,0.0,0.3,.000,3.4,6.6,.521,2.2,3.3,.667,1.6,3.7,5.3,0.7,0.6,0.7,1.7,2.8,9.1
222,Andrei Kirilenko,PF,32,BRK,4,0,13.3,1.5,3.5,.429,0.0,0.0,,1.5,3.5,.429,2.8,4.8,.579,1.8,1.5,3.3,1.0,0.8,0.0,0.8,2.0,5.8
223,Brandon Knight,PG,22,MIL,10,7,22.9,3.1,8.7,.356,1.0,2.9,.345,2.1,5.8,.362,2.2,2.8,.786,0.2,2.1,2.3,4.2,0.6,0.1,2.7,1.4,9.4
224,Kyle Korver,SG,32,ATL,16,16,33.5,4.4,8.3,.530,2.8,5.3,.518,1.6,2.9,.553,0.9,1.0,.938,0.3,3.9,4.1,2.8,1.1,0.5,1.8,2.3,12.4
225,Kosta Koufos,C,24,MEM,18,5,21.9,3.2,6.8,.472,0.0,0.0,,3.2,6.8,.472,1.0,1.6,.643,2.1,4.5,6.6,0.9,0.6,1.2,1.1,2.5,7.4
226,Viacheslav Kravtsov,C,26,PHO,8,0,2.9,0.3,0.4,.667,0.0,0.0,,0.3,0.4,.667,0.3,0.5,.500,0.4,0.3,0.6,0.0,0.0,0.0,0.4,0.5,0.8
227,Ognjen Kuzmic,C,23,GSW,10,0,4.1,0.2,0.7,.286,0.0,0.0,,0.2,0.7,.286,0.1,0.3,.333,0.2,0.3,0.5,0.0,0.0,0.4,0.8,1.1,0.5
228,Doron Lamb,SG,22,ORL,7,0,9.0,0.4,1.7,.250,0.3,1.3,.222,0.1,0.4,.333,0.1,0.1,1.000,0.0,0.3,0.3,1.0,0.0,0.0,0.4,0.4,1.3
229,Jeremy Lamb,SG,21,OKC,17,0,20.4,3.8,8.1,.464,1.3,3.2,.400,2.5,4.9,.506,0.7,0.7,1.000,0.2,2.0,2.2,1.1,0.6,0.4,0.5,1.9,9.5
230,Shane Larkin,PG,21,DAL,9,0,12.2,1.1,4.0,.278,0.2,1.1,.200,0.9,2.9,.308,0.4,0.8,.571,0.2,0.8,1.0,1.7,1.2,0.0,1.2,1.1,2.9
231,Ty Lawson,PG,26,DEN,18,18,35.1,6.3,14.3,.444,1.2,3.4,.355,5.1,10.8,.472,5.4,7.2,.746,0.8,2.9,3.7,8.2,1.2,0.2,2.8,1.5,19.3
232,Ricky Ledo,SG,21,DAL,6,0,2.7,0.3,1.7,.200,0.2,0.7,.250,0.2,1.0,.167,0.3,0.3,1.000,0.0,0.3,0.3,0.2,0.0,0.0,0.3,0.2,1.2
233,Courtney Lee,SG,28,BOS,17,0,16.8,3.3,6.3,.523,0.8,1.6,.481,2.5,4.7,.538,0.4,0.5,.875,0.2,1.4,1.6,0.8,0.7,0.2,0.8,1.3,7.8
234,David Lee,PF,30,GSW,19,19,33.3,6.4,13.1,.490,0.0,0.1,.000,6.4,13.1,.492,4.2,5.1,.814,2.2,7.0,9.2,2.5,0.5,0.3,2.5,2.7,17.0
235,Alex Len,C,20,PHO,4,0,7.8,0.8,1.8,.429,0.0,0.0,,0.8,1.8,.429,0.3,0.5,.500,1.3,0.5,1.8,0.3,0.5,0.5,0.8,2.0,1.8
236,Kawhi Leonard,SF,22,SAS,18,17,27.3,4.9,9.9,.494,0.6,2.4,.227,4.3,7.4,.582,0.8,1.1,.750,1.2,5.0,6.2,1.3,2.1,0.5,1.2,1.9,11.2
237,Meyers Leonard,C,21,POR,3,0,7.0,1.0,1.3,.750,0.0,0.0,,1.0,1.3,.750,1.3,1.3,1.000,0.3,1.3,1.7,0.3,0.0,0.0,0.0,1.7,3.3
238,Jon Leuer,PF,24,MEM,9,0,13.7,2.3,5.1,.457,0.3,0.6,.600,2.0,4.6,.439,0.4,0.4,1.000,0.7,2.4,3.1,0.6,0.1,0.4,0.6,1.4,5.4
239,Rashard Lewis,SF,34,MIA,18,1,17.7,1.4,3.4,.403,0.7,2.1,.324,0.7,1.4,.520,0.5,0.7,.692,0.4,2.1,2.5,1.3,1.1,0.1,0.6,1.7,3.9
240,Damian Lillard,PG,23,POR,19,19,36.6,6.3,16.2,.391,2.7,6.9,.397,3.6,9.3,.386,4.8,5.4,.902,0.4,3.6,3.9,5.7,0.7,0.3,2.3,2.5,20.2
241,Jeremy Lin,PG,25,HOU,16,8,30.1,4.9,9.7,.503,1.4,3.7,.390,3.4,6.0,.573,4.1,5.1,.805,0.2,2.4,2.6,4.5,1.3,0.5,2.9,2.3,15.3
242,Shaun Livingston,PG,28,BRK,19,7,23.8,2.5,5.8,.436,0.0,0.1,.000,2.5,5.7,.440,2.0,2.4,.826,0.8,1.7,2.5,3.3,0.8,0.4,1.2,1.9,7.1
243,Brook Lopez,C,25,BRK,12,12,29.3,7.2,13.3,.538,0.0,0.1,.000,7.2,13.3,.541,5.3,6.6,.810,2.6,3.5,6.1,0.5,0.6,2.2,1.5,2.6,19.7
244,Robin Lopez,C,25,POR,19,19,30.2,3.4,7.1,.481,0.0,0.0,,3.4,7.1,.481,1.8,2.4,.778,4.0,4.4,8.4,0.8,0.4,1.5,1.2,2.7,8.7
245,Kevin Love,PF,25,MIN,19,19,35.8,7.7,17.6,.439,2.1,6.1,.345,5.6,11.5,.489,6.1,7.5,.811,3.8,9.8,13.6,4.1,0.8,0.3,2.6,2.1,23.7
246,Kyle Lowry,PG,27,TOR,17,17,36.5,4.5,11.1,.404,2.2,5.9,.366,2.3,5.1,.448,2.8,3.6,.787,0.8,2.8,3.6,6.6,1.8,0.2,2.3,3.5,13.9
247,John Lucas,PG,31,UTA,17,6,21.1,2.1,6.2,.343,0.9,2.9,.306,1.2,3.3,.375,0.3,0.4,.714,0.4,0.9,1.4,1.6,0.3,0.0,0.8,1.2,5.4
248,Shelvin Mack,PG,24,ATL,14,0,16.2,2.4,5.4,.447,0.6,1.5,.381,1.9,3.9,.473,0.6,0.9,.750,0.1,1.1,1.3,2.9,0.8,0.0,0.6,1.6,6.1
249,Ian Mahinmi,C,27,IND,18,0,15.4,0.8,2.0,.389,0.0,0.0,,0.8,2.0,.389,1.2,1.8,.667,1.1,1.9,3.1,0.2,0.5,0.8,0.9,2.6,2.8
250,Shawn Marion,SF,35,DAL,20,20,32.7,4.7,10.5,.450,0.9,2.6,.353,3.8,7.9,.481,1.3,1.6,.781,1.8,5.5,7.3,1.9,1.4,0.9,1.4,1.9,11.6
251,Cartier Martin,SF,29,ATL,20,2,20.1,2.4,6.2,.379,1.5,3.9,.385,0.9,2.3,.370,1.2,1.4,.821,0.2,2.0,2.1,0.9,0.7,0.2,0.9,1.8,7.4
252,Kenyon Martin,PF,36,NYK,16,8,18.3,1.7,3.2,.529,0.0,0.1,.000,1.7,3.1,.540,0.3,0.6,.444,1.1,2.9,4.0,1.9,0.8,0.7,0.5,2.2,3.6
253,Kevin Martin,SG,30,MIN,18,18,35.2,7.3,17.4,.422,2.5,5.7,.441,4.8,11.7,.412,6.0,6.4,.939,0.6,3.2,3.8,2.3,1.1,0.1,1.7,1.8,23.2
254,Roger Mason,SG,33,MIA,7,1,12.7,1.1,3.4,.333,0.9,2.3,.375,0.3,1.1,.250,0.4,0.4,1.000,0.1,1.0,1.1,0.9,0.4,0.1,0.6,1.3,3.6
255,Wesley Matthews,SG,27,POR,19,19,34.3,5.8,10.8,.534,2.7,5.5,.500,3.1,5.4,.569,2.1,2.7,.784,0.8,3.6,4.4,1.8,1.1,0.2,1.4,2.0,16.4
256,Jason Maxiell,PF,30,ORL,14,11,19.4,2.4,4.7,.500,0.0,0.0,,2.4,4.7,.500,0.5,0.9,.538,1.0,2.0,3.0,0.3,0.2,0.6,0.5,1.9,5.2
257,Eric Maynor,PG,26,WAS,17,0,10.9,1.2,3.6,.328,0.5,1.1,.421,0.7,2.5,.286,0.1,0.1,.500,0.4,0.9,1.4,2.1,0.3,0.1,0.9,0.6,2.9
258,O.J. Mayo,SG,26,MIL,18,17,30.9,5.4,13.1,.411,1.9,4.6,.415,3.5,8.6,.409,2.2,2.3,.929,0.7,2.7,3.4,2.7,0.7,0.1,2.6,2.4,14.8
259,Luc Mbah a Moute,SF-PF,27,TOT,11,5,21.8,1.6,3.6,.450,0.1,0.3,.333,1.5,3.4,.459,0.8,1.5,.563,1.3,2.0,3.3,1.5,0.9,0.6,0.6,1.8,4.2
259,Luc Mbah a Moute,SF,27,SAC,9,5,21.8,1.7,3.6,.469,0.1,0.3,.333,1.6,3.2,.483,1.0,1.4,.692,1.0,2.0,3.0,1.7,1.0,0.6,0.4,2.0,4.4
259,Luc Mbah a Moute,PF,27,MIN,2,0,22.0,1.5,4.0,.375,0.0,0.0,,1.5,4.0,.375,0.0,1.5,.000,2.5,2.0,4.5,0.5,0.5,1.0,1.5,1.0,3.0
260,JaVale McGee,C,26,DEN,5,5,15.8,3.4,7.6,.447,0.0,0.0,,3.4,7.6,.447,0.2,0.2,1.000,2.0,1.4,3.4,0.4,0.2,1.4,1.6,3.2,7.0
261,Ben McLemore,SG,20,SAC,16,10,22.9,3.1,8.5,.368,1.4,4.3,.338,1.7,4.3,.397,1.4,1.8,.821,0.7,2.1,2.8,1.0,0.8,0.2,1.0,2.1,9.1
262,Josh McRoberts,PF,26,CHA,18,18,28.1,3.1,7.7,.403,1.3,3.6,.354,1.8,4.1,.446,0.9,1.5,.630,1.4,3.9,5.3,4.1,0.9,0.4,1.1,2.7,8.4
263,Jodie Meeks,SG,26,LAL,18,12,28.1,4.5,9.2,.491,2.2,4.8,.448,2.3,4.3,.538,2.0,2.4,.837,0.3,2.2,2.6,0.8,0.8,0.1,1.0,1.4,13.2
264,Gal Mekel,PG,25,DAL,16,1,12.4,1.4,3.7,.390,0.2,0.9,.214,1.3,2.8,.444,0.5,0.6,.800,0.1,0.9,1.0,2.4,0.3,0.1,1.3,0.9,3.6
265,Khris Middleton,SF,22,MIL,18,11,25.1,4.0,8.3,.480,1.2,2.4,.488,2.8,5.9,.477,1.2,1.4,.846,0.4,3.2,3.6,1.6,0.9,0.3,1.4,2.7,10.4
266,C.J. Miles,SG,26,CLE,14,5,18.0,3.4,7.9,.436,1.5,4.0,.375,1.9,3.9,.500,0.6,0.7,.900,0.5,1.6,2.1,0.9,0.9,0.6,0.8,1.7,9.0
267,Andre Miller,SG,37,DEN,18,0,19.4,2.3,4.9,.472,0.4,0.6,.800,1.9,4.4,.430,0.9,1.3,.739,0.6,2.2,2.8,3.5,0.3,0.2,0.9,0.9,6.1
268,Darius Miller,SF,23,NOP,1,0,1.0,0.0,1.0,.000,0.0,1.0,.000,0.0,0.0,,0.0,0.0,,0.0,0.0,0.0,0.0,0.0,0.0,0.0,1.0,0.0
269,Mike Miller,SF,33,MEM,18,0,22.4,2.1,5.2,.409,1.4,3.3,.441,0.7,1.9,.353,0.5,0.6,.818,0.4,3.1,3.5,1.7,0.4,0.0,1.3,1.9,6.2
270,Quincy Miller,SF,21,DEN,3,0,2.7,0.7,1.7,.400,0.3,0.3,1.000,0.3,1.3,.250,0.0,0.7,.000,0.0,0.3,0.3,0.0,0.0,0.3,0.3,0.3,1.7
271,Patrick Mills,PG,25,SAS,18,0,16.3,2.7,5.7,.471,1.2,2.7,.449,1.4,2.9,.491,0.8,1.0,.833,0.2,1.0,1.2,1.4,1.1,0.1,0.7,1.1,7.4
272,Paul Millsap,PF,28,ATL,19,18,32.1,6.5,12.6,.517,0.7,1.8,.412,5.8,10.8,.534,2.4,3.9,.608,1.4,5.9,7.4,2.6,1.6,1.1,1.9,2.8,16.2
273,Tony Mitchell,PF,21,DET,7,0,3.0,0.3,0.4,.667,0.0,0.0,,0.3,0.4,.667,0.1,0.6,.250,0.6,0.4,1.0,0.1,0.0,0.1,0.0,0.3,0.7
274,Nazr Mohammed,C,36,CHI,17,0,8.9,0.6,1.6,.370,0.0,0.0,,0.6,1.6,.370,0.1,0.2,.333,1.3,1.4,2.6,0.4,0.3,0.4,0.5,1.0,1.2
275,Greg Monroe,PF,23,DET,19,19,33.9,5.8,11.3,.516,0.0,0.0,,5.8,11.3,.516,3.1,4.7,.663,3.2,5.7,8.9,2.3,1.2,0.7,2.3,2.6,14.8
276,E'Twaun Moore,SF,24,ORL,18,3,23.3,2.5,5.9,.425,0.9,2.3,.390,1.6,3.6,.446,0.9,0.9,.941,0.4,1.6,1.9,1.8,0.9,0.1,0.9,1.7,6.8
277,Darius Morris,PG,23,PHI,12,0,16.1,2.4,5.6,.433,0.8,2.0,.417,1.6,3.6,.442,1.3,1.8,.714,0.3,0.8,1.1,2.6,0.7,0.0,1.6,1.8,6.9
278,Marcus Morris,SF,24,PHO,19,0,22.8,3.7,8.1,.455,1.4,3.3,.419,2.3,4.8,.478,1.8,2.3,.791,1.3,3.7,5.0,1.0,1.0,0.2,1.5,1.9,10.5
279,Markieff Morris,PF,24,PHO,18,0,25.7,4.6,9.6,.477,0.3,0.9,.375,4.2,8.7,.487,2.8,3.4,.820,1.6,4.2,5.8,1.7,1.0,0.3,1.6,2.3,12.2
280,Anthony Morrow,SG,28,NOP,18,2,16.7,2.6,5.3,.479,1.2,2.5,.467,1.4,2.8,.490,0.6,0.7,.769,0.3,1.3,1.6,0.6,0.7,0.2,0.5,0.9,6.8
281,Donatas Motiejunas,PF,23,HOU,8,0,7.6,1.3,3.1,.400,0.3,1.0,.250,1.0,2.1,.471,0.5,0.9,.571,0.4,1.0,1.4,0.1,0.1,0.4,0.5,0.9,3.3
282,Timofey Mozgov,C,27,DEN,18,0,18.8,3.2,5.7,.553,0.0,0.2,.000,3.2,5.6,.570,2.3,3.2,.719,1.9,4.2,6.1,0.4,0.2,1.4,1.6,2.5,8.6
283,Shabazz Muhammad,SG,21,MIN,6,0,4.2,0.3,2.0,.167,0.2,0.5,.333,0.2,1.5,.111,0.2,0.3,.500,0.5,0.8,1.3,0.0,0.0,0.0,0.3,0.3,1.0
284,Byron Mullens,C,24,LAC,14,0,8.4,1.4,3.1,.432,0.6,2.0,.286,0.8,1.1,.688,0.1,0.3,.250,0.4,1.1,1.6,0.4,0.4,0.2,0.6,1.9,3.4
285,Erik Murphy,C,23,CHI,8,0,1.9,0.0,0.5,.000,0.0,0.0,,0.0,0.5,.000,0.0,0.0,,0.0,0.4,0.4,0.0,0.0,0.1,0.3,0.3,0.0
286,Toure' Murry,SF,24,NYK,5,0,3.4,0.6,1.6,.375,0.0,0.0,,0.6,1.6,.375,0.4,0.8,.500,0.2,0.2,0.4,0.2,0.4,0.0,0.2,0.2,1.6
287,Hamady N'Diaye,C,27,SAC,9,0,5.8,0.1,0.7,.167,0.0,0.0,,0.1,0.7,.167,0.0,0.1,.000,0.3,1.1,1.4,0.2,0.0,0.1,0.3,1.2,0.2
288,Steve Nash,PG,39,LAL,6,6,22.5,2.0,7.7,.261,0.8,2.2,.385,1.2,5.5,.212,1.8,2.0,.917,0.3,1.2,1.5,4.8,0.3,0.2,2.0,1.8,6.7
289,Gary Neal,SG,29,MIL,17,2,22.5,3.8,10.0,.376,1.7,3.9,.439,2.1,6.1,.337,1.6,1.9,.848,0.2,1.8,1.9,2.0,0.2,0.0,1.3,1.0,10.9
290,Nemanja Nedovic,SG,22,GSW,16,0,6.8,0.4,1.7,.222,0.1,0.8,.083,0.3,0.9,.333,0.3,0.4,.833,0.1,0.6,0.8,0.7,0.0,0.1,0.6,0.7,1.1
291,Jameer Nelson,PG,31,ORL,15,15,30.8,4.2,11.3,.373,1.9,6.0,.322,2.3,5.3,.430,1.3,1.5,.870,0.5,3.0,3.5,6.1,0.6,0.1,2.9,1.9,11.7
292,Andrew Nicholson,PF,24,ORL,18,0,20.6,3.8,7.4,.515,0.6,1.7,.367,3.2,5.8,.558,1.3,1.6,.828,1.1,4.1,5.2,0.2,0.3,0.4,1.0,2.4,9.6
293,Joakim Noah,C,28,CHI,17,17,31.6,3.9,8.1,.482,0.0,0.0,,3.9,8.1,.482,2.1,3.3,.643,3.0,5.8,8.8,3.4,1.0,0.8,1.6,3.3,9.9
294,Steve Novak,PF,30,TOR,11,0,11.4,1.3,3.8,.333,1.1,3.0,.364,0.2,0.8,.222,0.4,0.4,1.000,0.3,0.8,1.1,0.5,0.2,0.0,0.0,0.8,4.0
295,Dirk Nowitzki,PF,35,DAL,20,20,32.5,7.4,15.2,.487,1.5,3.6,.403,6.0,11.6,.513,4.6,5.0,.929,0.4,5.5,5.9,2.5,1.1,0.6,1.7,2.3,20.9
296,Jermaine O'Neal,PF,35,GSW,14,1,19.1,2.4,5.0,.486,0.0,0.0,,2.4,5.0,.486,1.9,2.4,.794,1.3,3.4,4.6,0.4,0.5,0.9,1.4,2.2,6.8
297,Kyle O'Quinn,C,23,ORL,12,0,11.7,1.8,3.3,.538,0.0,0.0,,1.8,3.3,.538,0.7,0.8,.800,0.9,2.7,3.6,0.7,0.2,0.9,0.7,1.8,4.2
298,Victor Oladipo,PG,21,ORL,18,8,29.9,4.9,11.7,.417,0.8,3.0,.278,4.1,8.7,.465,3.3,4.2,.776,0.3,4.1,4.4,3.8,1.7,0.7,3.8,2.7,13.9
299,Kelly Olynyk,C,22,BOS,14,6,22.6,3.0,7.7,.389,0.3,1.6,.182,2.7,6.1,.442,1.2,1.2,1.000,2.1,3.4,5.4,1.6,0.5,0.3,2.1,3.4,7.5
300,Arinze Onuaku,PF,26,NOP,3,0,8.3,0.3,1.3,.250,0.0,0.0,,0.3,1.3,.250,0.3,0.7,.500,0.7,1.7,2.3,1.0,0.0,0.0,0.3,1.0,1.0
301,Daniel Orton,C,23,PHI,14,4,13.4,1.1,2.6,.444,0.0,0.0,,1.1,2.6,.444,1.1,1.5,.714,0.7,2.5,3.2,0.6,0.2,0.8,1.2,2.0,3.4
302,Travis Outlaw,SF,29,SAC,14,0,14.9,2.1,4.6,.453,0.6,1.6,.409,1.4,3.0,.476,1.2,1.3,.944,0.9,2.4,3.4,0.6,0.4,0.4,0.4,1.3,6.0
303,Zaza Pachulia,C,29,MIL,17,11,25.2,2.2,6.2,.362,0.0,0.1,.000,2.2,6.1,.365,2.5,2.6,.933,2.8,3.8,6.5,1.8,0.9,0.3,1.7,2.5,6.9
304,Jannero Pargo,PG,34,CHA,4,0,4.5,1.0,2.5,.400,0.3,1.0,.250,0.8,1.5,.500,0.3,0.8,.333,0.0,0.0,0.0,0.3,0.3,0.0,1.3,0.5,2.5
305,Tony Parker,PG,31,SAS,17,17,31.1,7.5,14.2,.531,0.4,1.1,.316,7.2,13.1,.550,2.7,3.9,.697,0.2,2.4,2.5,6.4,0.5,0.1,2.6,1.0,18.1
306,Chandler Parsons,SF,25,HOU,18,18,37.2,6.6,12.3,.532,1.7,4.3,.390,4.9,8.1,.607,2.4,3.3,.746,0.6,4.5,5.1,3.9,1.1,0.6,2.2,2.3,17.2
307,Patrick Patterson,PF,24,SAC,15,6,24.7,3.1,7.1,.430,0.5,2.3,.229,2.5,4.8,.528,0.6,1.1,.563,1.9,3.8,5.7,0.9,0.9,0.2,1.1,2.5,7.3
308,Chris Paul,PG,28,LAC,19,19,34.6,6.2,13.7,.454,1.1,3.6,.309,5.1,10.1,.505,5.2,5.7,.899,0.6,4.2,4.7,11.8,2.3,0.2,2.6,2.8,18.7
309,Nikola Pekovic,C,28,MIN,19,19,33.2,6.3,11.8,.529,0.0,0.0,,6.3,11.8,.529,3.0,4.2,.722,3.6,5.2,8.7,1.0,0.6,0.4,1.6,2.2,15.5
310,Kendrick Perkins,C,29,OKC,15,15,17.9,1.3,2.9,.442,0.0,0.1,.000,1.3,2.8,.452,0.5,0.9,.538,1.1,2.5,3.5,1.2,0.5,0.5,1.4,2.9,3.0
311,Paul Pierce,SF,36,BRK,15,15,29.1,3.8,10.3,.368,1.0,3.7,.268,2.8,6.6,.424,3.8,4.5,.851,0.3,4.7,4.9,2.8,0.8,0.1,2.5,2.2,12.4
312,Mason Plumlee,PF,23,BRK,16,0,17.6,2.4,3.5,.696,0.0,0.0,,2.4,3.5,.696,1.9,3.4,.574,1.3,1.9,3.2,0.4,0.5,0.6,0.7,2.3,6.8
313,Miles Plumlee,C,25,PHO,19,19,28.9,4.4,8.8,.500,0.0,0.0,,4.4,8.8,.500,1.0,2.3,.432,2.4,6.1,8.5,0.5,0.5,1.9,1.5,2.5,9.8
314,Quincy Pondexter,SG,25,MEM,14,1,18.4,2.1,5.4,.395,0.8,2.3,.344,1.4,3.1,.432,1.4,1.7,.792,0.6,1.1,1.8,1.4,0.4,0.1,1.1,1.2,6.4
315,Phil Pressey,PG,22,BOS,17,0,11.9,0.7,2.8,.255,0.2,1.1,.158,0.5,1.6,.321,0.5,0.9,.533,0.2,0.8,1.1,2.0,0.9,0.1,0.6,0.9,2.1
316,A.J. Price,SG,27,MIN,7,0,4.6,0.4,1.4,.300,0.1,0.7,.200,0.3,0.7,.400,0.0,0.0,,0.0,0.4,0.4,0.4,0.0,0.0,0.4,0.4,1.0
317,Ronnie Price,SG,30,ORL,12,0,11.7,0.8,2.3,.333,0.3,1.0,.250,0.5,1.3,.400,0.3,0.4,.600,0.5,1.4,1.9,1.8,0.8,0.2,0.7,1.2,2.0
318,Pablo Prigioni,PG,36,NYK,17,3,16.1,1.3,2.5,.524,0.9,1.9,.469,0.4,0.6,.700,0.0,0.0,,0.2,1.7,1.9,2.2,0.9,0.1,0.7,2.2,3.5
319,Tayshaun Prince,SF,33,MEM,18,18,27.7,2.9,7.1,.414,0.2,0.8,.214,2.8,6.3,.439,0.8,1.2,.714,0.2,2.8,3.0,1.6,0.4,0.3,0.7,0.8,6.9
320,Miroslav Raduljica,C,26,MIL,7,0,7.4,0.6,1.1,.500,0.0,0.0,,0.6,1.1,.500,0.6,0.9,.667,0.4,1.1,1.6,0.7,0.0,0.3,0.4,1.6,1.7
321,Anthony Randolph,PF,24,DEN,6,2,14.0,1.8,4.2,.440,0.3,1.2,.286,1.5,3.0,.500,1.2,1.5,.778,0.3,2.7,3.0,0.5,1.0,0.7,1.5,2.2,5.2
322,Zach Randolph,PF,32,MEM,16,16,32.6,6.3,13.2,.479,0.0,0.3,.000,6.3,12.9,.488,3.1,3.9,.794,2.4,6.8,9.3,1.8,0.6,0.1,2.8,2.7,15.8
323,J.J. Redick,SG,29,LAC,17,17,28.2,5.4,11.8,.460,1.9,5.4,.359,3.5,6.4,.546,3.0,3.2,.927,0.4,1.8,2.2,2.1,0.9,0.2,1.0,2.2,15.8
324,Glen Rice,SG,23,WAS,7,0,6.1,0.4,2.0,.214,0.3,1.0,.286,0.1,1.0,.143,0.4,0.6,.750,0.1,1.1,1.3,0.7,0.3,0.1,0.7,0.1,1.6
325,Luke Ridnour,PG,32,MIL,11,3,21.6,2.2,6.5,.338,0.4,1.4,.267,1.8,5.1,.357,0.5,0.8,.556,0.5,1.3,1.8,3.8,1.1,0.1,1.4,1.2,5.2
326,Austin Rivers,SG,21,NOP,11,0,9.3,1.1,2.5,.429,0.2,0.6,.286,0.9,1.9,.476,1.0,1.5,.688,0.5,0.4,0.8,1.2,0.2,0.1,0.6,1.1,3.4
327,Andre Roberson,PF,22,OKC,6,1,6.5,0.3,0.7,.500,0.0,0.2,.000,0.3,0.5,.667,0.2,0.3,.500,1.2,0.5,1.7,0.2,0.0,0.0,0.7,1.0,0.8
328,Brian Roberts,PG,28,NOP,16,0,14.3,1.9,4.7,.400,0.6,1.8,.345,1.3,2.9,.435,0.6,0.6,1.000,0.1,0.8,0.9,2.2,0.4,0.1,0.6,2.0,5.0
329,Nate Robinson,PG,29,DEN,18,0,18.7,3.7,9.0,.414,1.3,3.2,.421,2.4,5.8,.410,1.4,1.8,.813,0.3,1.6,1.9,2.6,0.8,0.1,0.9,2.0,10.2
330,Thomas Robinson,PF,22,POR,19,0,11.3,2.0,4.4,.458,0.0,0.0,,2.0,4.4,.458,0.9,1.6,.567,1.1,2.4,3.5,0.3,0.2,0.1,0.7,1.6,4.9
331,Derrick Rose,PG,25,CHI,10,10,31.1,5.8,16.4,.354,1.6,4.7,.340,4.2,11.7,.359,2.7,3.2,.844,0.9,2.3,3.2,4.3,0.5,0.1,3.4,1.5,15.9
332,Terrence Ross,SG,22,TOR,17,0,19.0,2.4,5.7,.423,1.0,2.9,.347,1.4,2.8,.500,0.6,0.8,.786,0.5,2.0,2.5,0.6,0.4,0.2,0.6,1.6,6.5
333,Ricky Rubio,PG,23,MIN,19,19,32.8,3.1,8.3,.369,0.7,1.9,.361,2.4,6.4,.372,1.9,2.3,.860,0.8,3.7,4.5,8.5,2.9,0.2,3.1,2.6,8.7
334,Brandon Rush,SG,28,UTA,3,0,11.0,0.3,1.0,.333,0.0,0.3,.000,0.3,0.7,.500,0.0,0.0,,0.3,0.3,0.7,1.0,0.0,0.0,1.3,1.3,0.7
335,Robert Sacre,C,24,LAL,6,0,10.3,1.3,2.8,.471,0.0,0.0,,1.3,2.8,.471,1.0,1.7,.600,0.8,1.7,2.5,1.0,0.3,1.2,0.5,0.5,3.7
336,John Salmons,SF,34,SAC,16,8,24.4,2.2,6.3,.350,0.8,2.2,.371,1.4,4.1,.338,0.4,0.4,1.000,0.4,2.1,2.4,2.4,0.6,0.4,0.7,1.6,5.6
337,Larry Sanders,C,25,MIL,3,3,17.3,1.3,5.3,.250,0.0,0.0,,1.3,5.3,.250,0.0,0.0,,1.0,2.7,3.7,0.7,0.0,2.0,1.0,3.0,2.7
338,Dennis Schroeder,PG,20,ATL,11,0,13.9,1.5,4.1,.356,0.1,0.8,.111,1.4,3.3,.417,0.7,1.1,.667,0.1,1.0,1.1,2.5,0.4,0.0,1.6,1.3,3.7
339,Luis Scola,PF,33,IND,19,0,18.4,3.6,7.1,.511,0.0,0.2,.000,3.6,6.9,.523,1.1,1.4,.741,0.9,3.6,4.5,0.7,0.4,0.3,1.6,2.1,8.3
340,Mike Scott,PF,25,ATL,19,0,13.9,2.7,6.1,.443,0.4,1.5,.276,2.3,4.5,.500,1.2,1.6,.742,0.8,2.3,3.1,0.5,0.3,0.1,0.8,1.6,7.0
341,Thabo Sefolosha,SG,29,OKC,16,16,26.7,2.4,5.9,.400,0.7,2.3,.306,1.7,3.7,.458,0.9,1.0,.938,1.1,3.4,4.4,1.5,1.4,0.3,1.3,1.7,6.4
342,Kevin Seraphin,C,24,WAS,14,0,8.1,1.6,3.6,.440,0.0,0.0,,1.6,3.6,.440,0.4,0.4,1.000,0.8,0.6,1.4,0.2,0.1,0.2,0.8,1.9,3.6
343,Ramon Sessions,PG,27,CHA,19,0,20.8,3.2,8.0,.395,0.3,1.2,.227,2.9,6.8,.423,4.1,5.4,.748,0.4,1.3,1.7,2.7,0.5,0.2,1.7,0.9,10.6
344,Tornike Shengelia,SF,22,BRK,8,0,12.9,1.0,2.5,.400,0.0,0.8,.000,1.0,1.8,.571,0.3,0.6,.400,0.4,1.0,1.4,1.0,0.3,0.0,1.0,1.5,2.3
345,Iman Shumpert,SG,23,NYK,17,17,29.3,2.8,6.5,.423,1.1,2.8,.396,1.6,3.7,.444,1.2,1.4,.870,0.9,3.6,4.5,2.1,1.5,0.2,1.1,3.2,7.8
346,Alexey Shved,SG,25,MIN,16,0,8.5,0.6,2.6,.238,0.2,1.3,.150,0.4,1.4,.318,0.8,1.0,.750,0.3,0.8,1.1,0.6,0.3,0.3,0.5,0.3,2.2
347,Henry Sims,C,23,CLE,6,0,5.8,0.7,1.5,.444,0.0,0.0,,0.7,1.5,.444,0.3,0.7,.500,0.8,2.0,2.8,0.2,0.0,0.3,0.5,1.5,1.7
348,Kyle Singler,SF,25,DET,19,1,22.9,2.7,6.0,.447,0.7,2.3,.318,1.9,3.7,.529,1.7,2.1,.846,1.0,2.3,3.3,0.6,0.3,0.3,0.5,2.4,7.8
349,Chris Singleton,SF,24,WAS,4,0,12.5,1.8,3.3,.538,0.5,1.3,.400,1.3,2.0,.625,0.5,1.0,.500,0.3,2.8,3.0,0.0,0.5,0.3,1.3,1.5,4.5
350,Peyton Siva,SG,23,DET,9,0,4.6,0.1,0.4,.250,0.0,0.2,.000,0.1,0.2,.500,0.0,0.0,,0.1,0.4,0.6,0.2,0.3,0.0,1.0,0.9,0.2
351,Donald Sloan,SG,26,IND,8,0,9.6,1.3,2.5,.500,0.4,1.1,.333,0.9,1.4,.636,0.6,0.9,.714,0.1,1.8,1.9,1.3,0.5,0.0,0.4,0.6,3.5
352,Greg Smith,C,23,HOU,4,0,4.3,1.5,1.8,.857,0.0,0.0,,1.5,1.8,.857,0.0,0.3,.000,1.5,0.8,2.3,0.0,0.0,0.0,0.5,0.3,3.0
353,Ishmael Smith,PG,25,PHO,13,0,12.0,1.2,3.7,.313,0.1,0.7,.111,1.1,3.0,.359,0.2,0.2,1.000,0.1,1.1,1.2,2.0,0.8,0.2,0.9,0.8,2.6
354,J.R. Smith,SF,28,NYK,12,3,31.2,4.2,12.3,.338,1.9,6.3,.307,2.3,6.1,.370,1.2,1.9,.609,1.2,3.6,4.8,1.9,1.1,0.2,1.6,2.8,11.4
355,Jason Smith,PF,27,NOP,18,18,28.2,4.6,9.4,.491,0.0,0.0,,4.6,9.4,.491,1.2,1.4,.846,2.0,3.7,5.7,0.8,0.4,1.1,0.7,3.3,10.4
356,Josh Smith,SF,28,DET,19,18,36.1,5.6,14.1,.396,1.3,4.7,.270,4.3,9.4,.458,1.9,3.5,.537,1.3,5.5,6.8,3.5,1.7,1.6,2.8,2.6,14.3
357,Tony Snell,SG,22,CHI,12,5,15.9,1.9,4.0,.479,0.9,2.2,.423,1.0,1.8,.545,0.5,0.8,.667,0.3,1.1,1.3,0.9,0.3,0.0,0.8,0.7,5.3
358,James Southerland,SF,23,CHA,1,0,3.0,0.0,3.0,.000,0.0,1.0,.000,0.0,2.0,.000,0.0,0.0,,0.0,0.0,0.0,0.0,0.0,0.0,0.0,0.0,0.0
359,Marreese Speights,C,26,GSW,19,0,11.3,1.4,4.5,.318,0.2,0.5,.300,1.3,3.9,.320,0.8,0.9,.833,1.1,2.2,3.3,0.5,0.1,0.3,0.8,1.7,3.8
360,Tiago Splitter,C,29,SAS,18,15,21.4,3.5,5.9,.594,0.0,0.0,,3.5,5.9,.594,1.8,2.4,.727,2.4,4.4,6.8,1.1,0.4,0.5,1.2,1.8,8.8
361,Lance Stephenson,SG,23,IND,19,19,34.9,4.9,10.4,.470,1.1,2.9,.364,3.8,7.5,.510,1.3,2.2,.610,1.4,5.2,6.6,5.0,0.8,0.2,2.8,2.7,12.2
362,Greg Stiemsma,C,28,NOP,8,0,15.4,0.9,1.8,.500,0.0,0.0,,0.9,1.8,.500,0.3,0.5,.500,1.4,3.3,4.6,0.4,0.1,1.0,1.1,2.3,2.0
363,Julyan Stone,SG,25,TOR,9,0,6.2,0.3,0.8,.429,0.2,0.6,.400,0.1,0.2,.500,0.2,0.3,.667,0.0,0.6,0.6,0.8,0.1,0.0,0.1,0.4,1.1
364,Amar'e Stoudemire,C,31,NYK,13,0,14.8,2.5,5.1,.485,0.0,0.0,,2.5,5.1,.485,0.5,1.2,.400,1.0,1.9,2.9,0.6,0.4,0.2,1.3,1.9,5.4
365,Rodney Stuckey,SG,27,DET,18,0,28.5,5.8,12.3,.475,0.6,1.6,.345,5.3,10.7,.495,3.9,4.7,.835,0.8,1.7,2.5,2.4,1.0,0.3,1.9,2.3,16.2
366,Jared Sullinger,PF,21,BOS,18,8,25.6,5.4,11.3,.475,0.8,2.5,.311,4.6,8.8,.522,1.7,2.2,.750,2.2,5.2,7.4,1.4,0.5,0.6,1.8,2.9,13.2
367,Jeff Taylor,SF,24,CHA,19,1,23.6,3.1,8.2,.381,0.6,2.5,.255,2.5,5.7,.435,1.1,2.1,.538,0.5,1.7,2.2,0.7,0.3,0.1,1.0,2.6,7.9
368,Tyshawn Taylor,PG,23,BRK,13,3,17.3,2.2,6.2,.350,0.2,0.8,.273,1.9,5.3,.362,1.7,2.2,.786,0.2,0.8,1.1,2.5,0.7,0.0,1.8,2.2,6.2
369,Jeff Teague,PG,25,ATL,20,20,32.9,5.5,13.5,.409,0.7,2.5,.260,4.9,11.0,.443,5.2,6.3,.817,0.6,2.1,2.7,8.0,1.3,0.2,3.4,2.3,16.8
370,Marquis Teague,SG,20,CHI,10,0,10.0,0.4,2.7,.148,0.0,0.3,.000,0.4,2.4,.167,0.3,0.6,.500,0.1,0.5,0.6,1.0,0.0,0.0,0.9,0.9,1.1
371,Mirza Teletovic,SF,28,BRK,13,0,15.4,1.8,5.2,.353,1.2,3.2,.357,0.7,2.0,.346,0.7,1.0,.692,0.8,2.9,3.8,0.5,0.3,0.2,0.8,1.5,5.5
372,Garrett Temple,SG,27,WAS,16,0,10.9,0.7,2.0,.344,0.0,0.5,.000,0.7,1.5,.458,0.2,0.3,.750,0.4,0.6,1.0,0.8,0.4,0.2,0.9,1.3,1.6
373,Jason Terry,PG,36,BRK,11,0,17.4,1.9,4.9,.389,1.1,3.1,.353,0.8,1.8,.450,0.4,0.5,.800,0.1,1.1,1.2,1.5,0.3,0.0,0.6,1.6,5.3
374,Hasheem Thabeet,C,26,OKC,2,0,9.5,1.0,2.0,.500,0.0,0.0,,1.0,2.0,.500,0.0,0.5,.000,0.5,2.5,3.0,0.0,0.0,0.0,0.5,2.5,2.0
375,Isaiah Thomas,PG,24,SAC,16,0,27.6,5.6,12.5,.450,1.5,3.8,.400,4.1,8.8,.471,4.8,5.6,.856,0.9,1.4,2.4,4.5,1.1,0.0,2.6,2.3,17.6
376,Lance Thomas,SF,25,NOP,5,0,8.4,0.4,1.8,.222,0.0,0.0,,0.4,1.8,.222,0.4,0.8,.500,0.4,1.0,1.4,0.6,0.0,0.0,0.4,0.8,1.2
377,Hollis Thompson,SF,22,PHI,17,2,16.7,1.9,3.9,.485,0.5,1.4,.333,1.4,2.5,.571,0.6,0.9,.733,1.0,2.0,3.0,0.8,0.3,0.2,0.5,1.1,4.9
378,Jason Thompson,PF,27,SAC,16,10,21.4,3.0,6.5,.462,0.0,0.0,,3.0,6.5,.462,0.8,1.2,.632,1.5,4.1,5.6,0.9,0.2,0.6,1.4,3.4,6.8
379,Klay Thompson,SG,23,GSW,19,19,37.8,7.7,16.0,.480,3.6,7.5,.476,4.1,8.5,.484,2.3,3.1,.759,0.8,2.6,3.4,2.4,1.0,0.5,1.8,3.0,21.3
380,Tristan Thompson,PF,22,CLE,18,18,32.7,4.0,9.5,.421,0.0,0.1,.000,4.0,9.4,.424,3.1,4.2,.747,3.7,6.4,10.2,0.6,0.6,0.6,1.6,2.1,11.1
381,Marcus Thornton,SG,26,SAC,12,6,26.8,3.8,9.8,.381,1.7,5.4,.308,2.1,4.4,.472,1.1,1.3,.813,0.8,1.9,2.7,1.3,1.0,0.1,0.5,1.6,10.3
382,Jamaal Tinsley,PG,35,UTA,8,5,13.8,0.5,2.5,.200,0.1,1.9,.067,0.4,0.6,.600,0.0,0.0,,0.3,1.1,1.4,2.9,0.3,0.0,1.1,1.3,1.1
383,Anthony Tolliver,PF,28,CHA,14,1,14.9,0.9,3.1,.295,0.9,2.5,.343,0.1,0.6,.111,0.3,0.3,1.000,0.4,1.7,2.1,0.7,0.2,0.2,0.5,1.5,3.0
384,P.J. Tucker,SF,28,PHO,19,19,31.2,3.5,7.5,.469,1.3,2.5,.500,2.3,5.0,.453,0.9,1.4,.667,1.8,2.9,4.7,1.7,1.4,0.2,1.4,2.5,9.3
385,Ronny Turiaf,PF,31,MIN,2,0,9.5,0.5,2.0,.250,0.0,0.0,,0.5,2.0,.250,0.5,0.5,1.000,0.5,1.0,1.5,1.0,0.5,0.5,0.0,2.0,1.5
386,Evan Turner,SF,25,PHI,19,19,37.1,8.1,17.3,.468,0.6,2.6,.240,7.5,14.7,.509,4.6,5.5,.838,1.1,5.7,6.8,3.9,1.1,0.0,3.8,2.8,21.5
387,Ekpe Udoh,PF,26,MIL,15,7,21.1,1.9,4.7,.408,0.0,0.0,,1.9,4.7,.408,1.2,1.9,.643,1.9,2.3,4.1,0.9,0.5,1.3,1.1,2.4,5.1
388,Beno Udrih,SG,31,NYK,11,4,15.1,1.7,4.5,.388,0.5,1.2,.462,1.2,3.3,.361,0.0,0.2,.000,0.5,1.4,1.9,2.4,0.2,0.0,1.3,1.6,4.0
389,Jonas Valanciunas,C,21,TOR,17,17,27.2,3.9,8.1,.482,0.0,0.0,,3.9,8.1,.482,1.4,1.8,.774,2.8,4.8,7.6,0.5,0.4,1.1,1.8,3.1,9.2
390,Anderson Varejao,C,31,CLE,18,9,29.4,3.7,7.2,.519,0.0,0.2,.000,3.7,6.9,.536,1.5,2.2,.692,2.7,5.3,8.0,2.1,1.3,0.7,1.0,2.6,8.9
391,Greivis Vasquez,PG,27,SAC,16,16,26.3,3.9,8.8,.443,0.9,2.9,.319,2.9,5.8,.505,1.8,1.9,.933,0.3,1.8,2.1,5.3,0.4,0.0,1.6,2.3,10.4
392,Jan Vesely,PF,23,WAS,12,1,18.0,1.1,2.6,.419,0.0,0.0,,1.1,2.6,.419,0.5,1.0,.500,2.3,2.4,4.7,0.2,1.1,0.6,0.9,2.2,2.7
393,Charlie Villanueva,PF,29,DET,5,0,7.6,2.0,4.4,.455,0.8,2.6,.308,1.2,1.8,.667,0.0,0.0,,0.2,1.0,1.2,0.0,0.2,0.4,0.2,0.4,4.8
394,Nikola Vucevic,C,23,ORL,17,17,33.2,6.2,11.5,.544,0.0,0.0,,6.2,11.5,.544,2.2,2.9,.776,3.1,7.8,10.9,2.5,1.1,1.1,2.7,2.8,14.7
395,Dwyane Wade,SG,32,MIA,14,14,33.7,7.3,13.7,.531,0.1,0.6,.250,7.1,13.1,.543,3.8,5.4,.707,0.8,3.9,4.6,5.4,2.1,0.6,3.6,2.4,18.5
396,Dion Waiters,SG,22,CLE,16,9,28.3,5.1,12.4,.412,1.3,3.3,.404,3.8,9.2,.415,2.6,3.8,.672,0.4,2.8,3.3,2.6,1.3,0.3,2.6,2.2,14.1
397,Kemba Walker,PG,23,CHA,19,19,34.8,6.1,15.9,.381,1.3,4.4,.301,4.7,11.5,.411,3.2,4.0,.789,0.7,3.6,4.3,4.2,1.5,0.5,2.5,1.5,16.6
398,John Wall,PG,23,WAS,18,18,37.2,6.7,16.2,.416,1.2,3.6,.344,5.5,12.6,.436,4.3,5.2,.839,0.5,3.9,4.4,9.2,2.3,0.3,3.3,1.7,19.0
399,Gerald Wallace,SF,31,BOS,20,4,24.7,1.9,3.7,.500,0.5,1.2,.435,1.4,2.6,.529,0.6,1.5,.400,0.6,3.0,3.5,2.7,1.5,0.2,2.2,1.7,4.8
400,C.J. Watson,PG,29,IND,18,3,20.8,2.2,5.5,.394,0.9,2.6,.340,1.3,2.9,.442,1.3,1.5,.852,0.3,1.3,1.6,2.1,0.7,0.1,0.8,1.1,6.5
401,Earl Watson,PG,34,POR,4,0,5.5,0.0,0.3,.000,0.0,0.3,.000,0.0,0.0,,0.0,0.0,,0.3,0.3,0.5,1.3,0.0,0.0,0.8,1.5,0.0
402,Martell Webster,SF,27,WAS,18,10,33.7,4.2,9.3,.452,2.5,6.1,.409,1.7,3.2,.534,1.5,1.8,.844,0.9,3.9,4.8,2.3,1.1,0.3,0.6,1.9,12.4
403,David West,PF,33,IND,19,19,30.2,5.2,11.7,.441,0.1,0.3,.200,5.1,11.4,.447,2.1,2.7,.784,1.3,6.1,7.3,3.1,1.0,1.1,1.3,2.1,12.5
404,Russell Westbrook,PG,25,OKC,14,14,33.4,7.3,18.5,.394,1.5,4.4,.339,5.8,14.1,.411,4.6,6.3,.727,1.2,3.4,4.6,5.6,1.8,0.1,3.8,2.4,20.6
405,Deron Williams,PG,29,BRK,9,9,24.1,3.6,8.8,.405,1.0,2.7,.375,2.6,6.1,.418,1.2,1.6,.786,0.0,1.8,1.8,6.0,0.6,0.2,2.7,1.9,9.3
406,Derrick Williams,PF-SF,22,TOT,14,3,17.3,2.2,5.7,.388,0.1,1.4,.100,2.1,4.3,.483,1.4,1.6,.826,0.2,2.6,2.8,0.4,0.4,0.3,0.7,1.1,5.9
406,Derrick Williams,PF,22,MIN,11,0,14.7,1.7,4.9,.352,0.2,1.4,.133,1.5,3.5,.436,1.3,1.5,.875,0.3,2.1,2.4,0.1,0.4,0.4,0.5,0.8,4.9
406,Derrick Williams,SF,22,SAC,3,3,26.7,4.0,8.7,.462,0.0,1.7,.000,4.0,7.0,.571,1.7,2.3,.714,0.0,4.3,4.3,1.3,0.7,0.0,1.3,2.0,9.7
407,Elliot Williams,SG,24,PHI,6,0,10.3,0.8,3.3,.250,0.3,1.7,.200,0.5,1.7,.300,0.8,1.0,.833,0.7,1.0,1.7,0.0,0.0,0.2,0.5,1.3,2.8
408,Louis Williams,PG,27,ATL,7,2,20.3,2.9,8.1,.351,1.0,3.3,.304,1.9,4.9,.382,1.1,1.3,.889,0.6,1.4,2.0,3.6,0.4,0.3,0.6,0.9,7.9
409,Marvin Williams,PF,27,UTA,13,5,26.0,4.0,8.5,.468,1.7,4.2,.407,2.3,4.4,.526,0.7,1.0,.692,1.3,3.8,5.2,1.1,0.8,0.4,0.9,2.7,10.4
410,Mo Williams,PG,31,POR,18,0,25.2,3.8,9.1,.415,0.9,2.4,.386,2.8,6.7,.425,0.7,0.7,.923,0.6,1.4,1.9,4.6,0.7,0.3,2.3,2.9,9.2
411,Shawne Williams,PF,27,LAL,16,5,18.9,1.8,5.2,.349,1.3,3.7,.339,0.6,1.5,.375,0.1,0.3,.500,0.9,3.2,4.1,1.1,0.6,0.9,0.7,3.4,5.0
412,Jeff Withey,C,23,NOP,8,0,6.0,0.6,0.9,.714,0.0,0.0,,0.6,0.9,.714,1.0,1.3,.800,0.6,0.8,1.4,0.3,0.3,0.3,0.4,0.6,2.3
413,Nate Wolters,PG,22,MIL,14,7,26.5,2.9,7.2,.406,0.1,1.5,.095,2.8,5.7,.488,1.4,1.9,.741,0.7,2.0,2.7,4.4,0.7,0.4,1.2,1.4,7.4
414,Metta World Peace,SF,34,NYK,15,0,16.7,2.4,6.5,.367,0.7,2.4,.278,1.7,4.1,.419,0.3,0.5,.714,0.6,1.7,2.3,0.7,0.9,0.5,0.7,1.9,5.8
415,Dorell Wright,SF,28,POR,19,0,14.4,1.6,4.1,.385,0.9,2.7,.346,0.6,1.4,.462,0.7,0.8,.813,0.5,2.4,2.8,0.7,0.2,0.2,0.4,0.8,4.8
416,Tony Wroten,SG,20,PHI,17,4,24.5,4.7,10.9,.430,0.6,3.1,.208,4.1,7.8,.519,2.1,3.8,.563,0.9,2.1,3.0,3.1,1.0,0.2,2.4,2.0,12.2
417,Nick Young,SG,28,LAL,18,6,25.0,4.9,11.2,.441,1.3,3.7,.364,3.6,7.6,.478,2.9,3.7,.803,0.5,1.5,2.0,1.2,1.0,0.2,0.9,2.3,14.2
418,Thaddeus Young,PF,25,PHI,16,15,33.2,6.8,14.3,.478,0.9,2.1,.412,5.9,12.1,.490,1.9,2.9,.652,2.6,4.6,7.2,1.5,1.4,0.6,1.8,2.5,16.4
419,Cody Zeller,C,21,CHA,19,0,18.5,1.8,5.4,.333,0.0,0.0,,1.8,5.4,.333,1.2,1.6,.742,1.6,2.5,4.1,0.9,0.6,0.4,1.3,2.4,4.8
420,Tyler Zeller,C,24,CLE,12,0,7.8,0.8,1.7,.500,0.0,0.0,,0.8,1.7,.500,0.6,0.7,.875,0.4,1.4,1.8,0.2,0.2,0.3,0.4,1.2,2.3
