Rk,Player,Pos,Age,Tm,G,MP,PER,TS%,eFG%,ORB%,DRB%,TRB%,AST%,STL%,BLK%,TOV%,USG%,ORtg,DRtg,OWS,DWS,WS,WS/48
1,Quincy Acy,PF,22,TOR,29,342,15.9,.632,.567,10.3,16.6,13.4,5.2,2.0,3.5,15.6,14.7,120,105,0.7,0.4,1.1,.157
2,Jeff Adrien,PF,26,CHA,52,713,13.4,.493,.429,10.6,21.2,15.7,8.3,1.3,3.1,13.1,15.6,105,109,0.5,0.4,1.0,.064
3,Arron Afflalo,SF,27,ORL,64,2307,13.0,.527,.478,1.4,10.3,5.8,14.6,0.9,0.4,12.1,22.5,102,112,1.5,0.5,2.0,.042
4,Josh Akognon,PG,26,DAL,3,9,15.3,.625,.625,0.0,12.1,6.2,19.4,0.0,0.0,0.0,20.3,130,111,0.0,0.0,0.0,.196
5,Cole Aldrich,C,24,TOT,45,388,11.1,.563,.550,8.7,26.7,17.7,3.4,0.7,4.6,20.6,12.7,102,105,0.1,0.4,0.6,.070
5,Cole Aldrich,C,24,HOU,30,213,7.3,.532,.535,6.5,23.7,15.2,4.1,0.7,3.2,23.0,12.5,92,105,-0.1,0.3,0.2,.038
5,Cole Aldrich,C,24,SAC,15,175,15.7,.598,.568,11.5,30.4,20.7,2.6,0.6,6.3,17.7,12.9,112,106,0.2,0.2,0.4,.109
6,LaMarcus Aldridge,PF,27,POR,74,2790,20.4,.530,.485,7.2,20.9,14.0,13.0,1.2,2.5,8.9,26.5,108,107,4.8,2.3,7.2,.124
7,Lavoy Allen,C,23,PHI,79,1669,11.5,.474,.454,10.5,16.5,13.4,6.7,0.8,2.6,10.3,14.8,103,106,0.9,1.6,2.5,.072
8,Ray Allen,SG,37,MIA,79,2035,14.7,.599,.555,2.6,10.1,6.6,10.2,1.7,0.6,12.5,19.3,112,107,3.4,1.9,5.4,.126
9,Tony Allen,SG,31,MEM,79,2109,13.2,.489,.447,6.6,13.8,10.2,7.6,3.1,1.7,11.5,17.8,102,98,1.0,4.1,5.1,.115
10,Al-Farouq Aminu,SF,22,NOH,76,2066,13.7,.519,.479,7.9,26.2,16.9,7.8,2.4,2.1,17.8,14.6,101,105,0.7,2.4,3.1,.073
11,Louis Amundson,C-PF,30,TOT,39,372,9.3,.392,.395,14.7,18.7,16.7,4.5,2.3,2.6,16.4,14.2,89,105,-0.3,0.4,0.1,.019
11,Louis Amundson,C,30,MIN,20,161,6.3,.342,.368,15.9,17.6,16.7,2.8,2.2,2.9,19.0,16.1,77,103,-0.4,0.2,-0.1,-0.038
11,Louis Amundson,PF,30,CHI,1,2,0.0,.000,.000,56.7,0.0,28.7,0.0,0.0,0.0,0.0,23.0,59,113,0.0,0.0,0.0,-0.274
11,Louis Amundson,C,30,NOH,18,209,11.7,.449,.429,13.4,19.7,16.5,5.8,2.3,2.4,14.0,12.7,102,106,0.1,0.2,0.3,.065
12,Chris Andersen,C,34,MIA,42,624,17.4,.631,.585,11.9,21.5,17.0,4.0,1.4,5.8,12.8,14.4,125,100,1.6,1.1,2.7,.207
13,Alan Anderson,SF,30,TOR,65,1495,12.6,.509,.460,2.7,9.2,5.9,11.7,1.7,0.4,10.5,23.6,101,110,0.8,0.8,1.6,.052
14,James Anderson,SG-SF,23,TOT,39,401,13.9,.539,.496,5.2,15.0,10.2,15.8,1.9,0.9,15.3,18.0,107,105,0.4,0.4,0.9,.106
14,James Anderson,SF,23,SAS,10,94,13.0,.587,.540,3.9,12.8,8.6,13.9,1.6,1.5,19.5,17.6,105,103,0.1,0.1,0.2,.109
14,James Anderson,SG,23,HOU,29,307,14.2,.526,.485,5.6,15.7,10.7,16.4,2.0,0.7,14.1,18.1,108,106,0.4,0.3,0.7,.105
15,Ryan Anderson,PF,24,NOH,81,2503,18.1,.548,.519,8.9,15.9,12.4,6.9,0.9,1.0,7.5,24.0,114,112,5.7,0.8,6.5,.125
16,Carmelo Anthony,PF,28,NYK,67,2482,24.8,.560,.502,6.1,15.9,10.8,14.1,1.1,1.1,9.3,35.6,112,108,7.5,2.0,9.5,.184
17,Joel Anthony,C,30,MIA,62,566,10.4,.542,.515,10.4,14.4,12.5,3.1,1.2,6.1,21.5,8.6,108,103,0.4,0.8,1.2,.100
18,Trevor Ariza,SF,27,WAS,56,1471,14.0,.538,.501,3.3,16.9,10.0,12.7,2.5,1.1,14.6,17.9,102,101,0.7,2.4,3.1,.102
19,Darrell Arthur,PF,24,MEM,59,970,11.8,.477,.458,8.1,12.5,10.3,5.9,1.3,2.8,10.2,20.1,99,102,0.2,1.5,1.7,.084
20,Omer Asik,C,26,HOU,82,2464,14.9,.558,.541,12.8,31.0,22.0,4.6,0.9,2.7,18.8,16.3,105,103,2.0,3.5,5.5,.108
21,D.J. Augustin,PG,25,IND,76,1226,11.0,.527,.464,1.9,6.3,4.1,21.6,1.5,0.2,16.8,15.1,109,104,1.4,1.5,2.8,.112
22,Gustavo Ayon,C,27,TOT,55,734,12.8,.540,.551,9.0,21.3,15.1,14.7,1.5,1.8,19.9,14.5,103,106,0.4,0.8,1.2,.077
22,Gustavo Ayon,C,27,ORL,43,571,11.7,.540,.536,7.9,19.8,13.8,15.5,1.2,1.8,21.1,14.3,102,108,0.3,0.5,0.7,.061
22,Gustavo Ayon,C,27,MIL,12,163,16.6,.539,.595,12.7,26.7,19.4,11.6,2.8,1.8,16.0,15.0,106,99,0.1,0.3,0.4,.132
23,Luke Babbitt,PF,23,POR,62,730,9.4,.509,.500,2.4,19.7,10.9,6.2,1.0,0.5,8.4,16.4,102,109,0.3,0.4,0.7,.047
24,Leandro Barbosa,PG,30,BOS,41,513,13.5,.509,.477,1.9,8.5,5.3,19.0,1.7,0.9,9.1,21.4,103,106,0.4,0.5,0.9,.086
25,Jose Barea,PG,28,MIN,74,1713,14.1,.510,.481,2.2,11.9,6.9,30.6,1.0,0.0,15.1,25.1,101,109,0.8,1.0,1.9,.053
26,Andrea Bargnani,PF,27,TOR,35,1003,11.2,.482,.444,3.0,12.3,7.6,6.6,1.1,1.8,10.5,23.8,94,109,-0.5,0.6,0.1,.007
27,Harrison Barnes,SF,20,GSW,81,2058,11.0,.526,.481,2.9,14.5,8.9,7.3,1.3,0.5,12.4,17.7,102,107,0.9,1.9,2.8,.065
28,Matt Barnes,SF,32,LAC,80,2058,15.5,.566,.544,6.5,14.5,10.6,9.2,2.1,2.6,11.0,18.1,113,103,3.5,2.8,6.3,.146
29,Earl Barron,C,31,TOT,12,159,8.9,.361,.353,15.4,28.1,21.6,5.0,1.6,3.0,16.9,18.8,81,99,-0.3,0.3,0.0,-0.003
29,Earl Barron,C,31,WAS,11,122,6.9,.357,.351,14.4,24.7,19.5,3.9,2.1,3.2,20.3,18.4,76,97,-0.3,0.3,-0.1,-0.025
29,Earl Barron,C,31,NYK,1,37,15.4,.370,.357,18.4,39.3,28.5,8.7,0.0,2.3,6.3,20.1,98,103,0.0,0.1,0.1,.069
30,Will Barton,SG,22,POR,73,894,9.1,.437,.396,4.6,14.3,9.4,10.4,2.0,0.8,15.1,20.4,87,109,-1.1,0.6,-0.5,-0.028
31,Brandon Bass,PF,27,BOS,81,2239,12.3,.535,.486,7.0,15.2,11.2,6.0,1.0,2.3,10.9,15.5,107,104,2.0,2.7,4.7,.101
32,Shane Battier,SF,34,MIA,72,1786,10.7,.623,.608,2.7,8.4,5.7,5.7,1.2,2.5,8.2,11.0,122,107,2.8,1.6,4.4,.119
33,Nicolas Batum,SF,24,POR,73,2807,15.7,.566,.522,4.0,13.2,8.5,20.3,1.7,2.2,17.0,18.2,109,109,3.8,1.9,5.8,.099
34,Jerryd Bayless,PG,24,MEM,80,1765,13.5,.514,.476,1.4,10.5,5.9,24.9,1.8,0.8,15.1,20.8,104,103,1.5,2.5,4.0,.108
35,Aron Baynes,C,26,SAS,16,141,8.8,.521,.500,10.4,15.5,13.1,5.2,0.4,3.1,21.0,17.1,94,103,0.0,0.2,0.1,.050
36,Kent Bazemore,SG,23,GSW,61,267,11.3,.454,.414,2.1,6.8,4.5,13.1,3.2,1.2,11.7,25.7,91,104,-0.3,0.3,0.1,.014
37,Bradley Beal,SG,19,WAS,56,1745,13.6,.515,.477,2.7,10.8,6.7,13.7,1.5,1.3,10.6,22.2,102,105,1.0,2.0,3.0,.082
38,Michael Beasley,SF,24,PHO,75,1554,10.8,.462,.434,3.7,17.2,10.3,12.5,1.0,1.6,14.9,27.6,87,109,-2.5,1.0,-1.5,-0.047
39,Rodrigue Beaubois,PG,24,DAL,45,549,10.6,.470,.429,1.9,9.6,5.8,22.6,1.8,0.6,14.6,18.7,97,109,0.0,0.4,0.4,.032
40,Marco Belinelli,SG,26,CHI,73,1882,10.4,.513,.460,0.8,7.8,4.3,12.9,1.3,0.2,10.7,18.7,104,107,1.3,1.6,3.0,.076
41,Patrick Beverley,PG,24,HOU,41,713,15.4,.551,.513,7.2,10.1,8.7,24.2,2.6,2.2,17.5,15.4,116,105,1.4,0.8,2.2,.148
42,Andris Biedrins,C,26,GSW,53,495,7.7,.449,.476,7.8,25.7,17.0,3.7,1.5,6.6,34.4,3.7,102,98,0.1,1.0,1.1,.102
43,Chauncey Billups,SG,36,LAC,22,418,15.0,.601,.527,0.6,8.4,4.6,17.4,1.5,0.2,14.5,19.6,117,108,1.0,0.3,1.3,.146
44,Bismack Biyombo,C,20,CHA,80,2186,10.1,.472,.451,9.9,20.9,15.2,2.5,0.7,5.3,16.7,10.2,98,109,0.1,1.3,1.4,.031
45,DeJuan Blair,PF,23,SAS,61,851,14.6,.543,.524,9.5,21.1,15.6,8.3,2.2,0.9,14.0,19.0,104,99,0.7,1.5,2.2,.126
46,Steve Blake,PG,32,LAL,45,1175,11.7,.573,.556,2.0,10.1,6.2,21.9,1.5,0.4,17.8,13.2,114,109,1.6,0.8,2.4,.097
47,Andray Blatche,C,26,BRK,82,1555,21.9,.547,.514,12.2,19.6,15.8,10.5,3.0,2.7,13.8,26.5,107,101,2.4,2.5,4.9,.153
48,Eric Bledsoe,PG,23,LAC,76,1553,17.5,.513,.473,6.1,11.1,8.6,23.5,3.7,3.0,17.9,22.5,102,101,1.1,2.6,3.7,.115
49,Keith Bogans,SG,32,BRK,74,1408,6.7,.533,.528,1.3,8.8,5.0,8.1,1.1,0.2,14.4,11.2,105,110,0.7,0.7,1.4,.047
50,Andrew Bogut,C,28,GSW,32,786,13.8,.463,.454,9.8,24.1,17.2,12.5,1.3,5.5,14.8,13.4,103,100,0.4,1.4,1.7,.106
51,Matt Bonner,PF,32,SAS,68,909,11.8,.609,.602,3.4,12.5,8.2,5.8,1.0,1.5,6.3,12.8,119,104,1.4,1.1,2.5,.133
52,Trevor Booker,PF,25,WAS,48,887,13.9,.509,.491,12.2,17.8,14.9,7.4,1.9,1.4,11.0,14.5,109,102,0.9,1.4,2.3,.126
53,Carlos Boozer,PF,31,CHI,79,2546,17.1,.510,.477,7.8,27.2,17.4,13.4,1.4,0.8,12.3,25.8,101,100,1.4,4.3,5.7,.108
54,Chris Bosh,C,28,MIA,74,2454,20.0,.592,.546,7.0,17.6,12.6,8.4,1.4,3.4,11.0,22.7,114,103,5.6,3.4,9.0,.175
55,Avery Bradley,PG,22,BOS,50,1435,8.8,.461,.444,2.5,6.5,4.6,11.6,2.3,1.0,12.6,18.8,90,105,-1.3,1.6,0.4,.012
56,Elton Brand,C,33,DAL,72,1527,15.2,.499,.473,9.7,21.5,15.7,7.1,1.7,4.6,9.9,17.2,105,102,1.2,2.2,3.4,.107
57,Corey Brewer,SF,26,DEN,82,2003,14.7,.506,.476,3.1,9.9,6.6,9.5,3.0,0.9,9.4,23.4,104,105,1.7,2.2,3.9,.093
58,Ronnie Brewer,SF,27,TOT,60,853,10.0,.416,.412,5.7,13.5,9.6,8.6,2.7,0.6,7.7,12.7,99,105,0.1,1.0,1.1,.060
58,Ronnie Brewer,SF,27,NYK,46,711,10.2,.432,.429,4.6,12.1,8.2,8.4,2.6,0.7,6.8,13.6,100,106,0.1,0.7,0.8,.057
58,Ronnie Brewer,SF,27,OKC,14,142,9.1,.283,.283,11.3,20.3,16.2,9.4,3.3,0.0,14.8,8.6,92,99,0.0,0.3,0.2,.072
59,Aaron Brooks,PG,28,TOT,53,997,11.8,.555,.532,1.5,7.9,4.6,18.0,1.5,0.8,16.5,18.1,105,114,0.8,0.0,0.8,.041
59,Aaron Brooks,PG,28,SAC,46,959,12.1,.562,.538,1.4,8.1,4.7,17.8,1.5,0.6,16.2,18.0,106,114,0.9,0.0,0.9,.045
59,Aaron Brooks,PG,28,HOU,7,38,5.6,.385,.385,3.0,3.0,3.0,23.1,1.3,6.0,23.5,19.6,80,107,-0.1,0.0,0.0,-0.063
60,MarShon Brooks,SG,24,BRK,73,912,13.5,.523,.485,4.1,9.4,6.7,14.6,2.0,1.3,15.5,22.5,101,107,0.5,0.8,1.3,.068
61,Kwame Brown,C,30,PHI,22,269,8.8,.452,.459,9.4,22.1,15.5,4.7,1.2,2.9,15.0,9.1,100,103,0.0,0.4,0.4,.071
62,Shannon Brown,SG,27,PHO,59,1402,13.1,.493,.454,3.5,8.7,6.0,12.8,2.2,0.8,10.6,22.2,99,110,0.4,0.8,1.2,.041
63,Kobe Bryant,SG,34,LAL,78,3013,23.0,.570,.504,2.5,13.1,7.9,29.7,1.8,0.6,13.3,31.9,112,107,8.4,2.6,10.9,.174
64,Chase Budinger,SF,24,MIN,23,508,12.6,.516,.482,3.3,13.0,8.0,8.3,1.4,1.1,9.9,20.5,102,107,0.3,0.4,0.7,.066
65,Alec Burks,SG,21,UTA,64,1137,11.5,.507,.463,3.8,11.2,7.5,13.0,1.6,0.9,14.3,20.7,100,109,0.3,0.7,1.0,.044
66,Caron Butler,SF,32,LAC,78,1879,12.4,.535,.513,2.6,11.4,7.1,6.5,1.4,0.5,8.7,20.2,107,107,1.9,1.6,3.6,.091
67,Jimmy Butler,SF,23,CHI,82,2134,15.2,.574,.506,7.2,10.4,8.8,8.6,2.0,1.1,9.2,14.6,121,104,4.4,2.6,7.0,.158
68,Will Bynum,PG,30,DET,65,1219,16.6,.532,.491,2.6,6.6,4.6,34.8,2.0,0.3,17.3,27.0,103,111,1.2,0.5,1.7,.067
69,Jose Calderon,PG,31,TOT,73,2160,18.8,.616,.594,1.1,8.6,4.8,39.8,1.4,0.3,15.8,17.0,124,111,6.6,0.9,7.4,.165
69,Jose Calderon,PG,31,TOR,45,1273,19.2,.594,.569,1.3,8.7,5.0,43.7,1.2,0.4,15.1,18.1,123,111,4.0,0.5,4.4,.167
69,Jose Calderon,PG,31,DET,28,887,18.2,.654,.635,0.8,8.5,4.5,34.1,1.8,0.2,17.0,15.4,126,111,2.6,0.4,3.0,.163
70,Marcus Camby,PF,38,NYK,24,250,8.6,.342,.321,10.9,27.1,18.7,8.1,1.5,4.8,19.6,14.3,82,101,-0.4,0.4,0.0,.007
71,DeMarre Carroll,SF,26,UTA,66,1111,15.5,.535,.491,9.1,10.8,9.9,8.7,2.8,1.7,8.5,16.4,115,106,2.0,1.1,3.1,.134
72,Matt Carroll,SG,32,CHA,1,6,2.9,,,0.0,0.0,0.0,23.4,0.0,0.0,,0.0,217,121,0.0,0.0,0.0,.029
73,Vince Carter,SF,36,DAL,81,2093,17.8,.571,.530,3.1,14.4,8.9,15.0,1.8,1.6,10.0,23.1,111,106,3.9,2.0,6.0,.137
74,Omri Casspi,SF,24,CLE,43,503,12.9,.486,.472,4.4,22.7,13.1,8.8,2.6,1.9,11.0,17.7,99,105,0.1,0.6,0.7,.064
75,Mario Chalmers,PG,26,MIA,77,2068,13.3,.576,.545,1.2,8.6,5.1,19.4,3.0,0.5,17.1,16.1,110,104,2.6,2.5,5.2,.120
76,Tyson Chandler,C,30,NYK,66,2164,18.9,.671,.638,14.1,24.3,19.0,4.5,1.0,3.0,14.5,13.0,133,104,6.7,2.6,9.3,.207
77,Wilson Chandler,PF,25,DEN,43,1079,16.6,.556,.519,4.8,17.6,11.3,8.3,2.1,0.9,10.6,22.7,110,105,1.8,1.3,3.1,.137
78,Josh Childress,SF,29,BRK,14,100,7.0,.320,.310,7.0,10.7,8.9,7.3,1.1,1.5,0.0,10.1,96,109,0.0,0.1,0.1,.029
79,Earl Clark,PF,25,LAL,59,1363,12.4,.510,.486,6.8,19.1,13.1,7.4,1.3,2.3,12.9,15.7,103,105,0.7,1.5,2.3,.080
80,Victor Claver,SF,24,POR,49,812,7.0,.462,.458,4.4,12.8,8.5,7.9,1.7,1.1,17.5,13.9,89,110,-0.6,0.5,-0.1,-0.005
81,Norris Cole,PG,24,MIA,80,1590,7.9,.483,.462,1.5,8.2,5.0,15.2,1.9,0.4,18.4,17.0,93,107,-0.8,1.4,0.6,.019
82,Jason Collins,C,34,TOT,38,384,3.0,.476,.310,6.9,11.3,9.2,2.9,1.6,2.1,29.5,7.5,91,104,-0.1,0.5,0.4,.045
82,Jason Collins,C,34,BOS,32,330,3.0,.511,.348,7.8,10.8,9.3,2.5,1.6,1.4,30.7,7.5,94,105,-0.1,0.4,0.3,.049
82,Jason Collins,C,34,WAS,6,54,2.9,.291,.167,2.0,14.5,8.2,5.2,1.9,5.9,22.5,7.5,65,99,-0.1,0.1,0.0,.016
83,Darren Collison,PG,25,DAL,81,2372,16.3,.575,.504,1.5,8.7,5.1,26.8,2.2,0.3,17.0,19.6,111,109,4.0,1.7,5.6,.114
84,Nick Collison,C,32,OKC,81,1583,13.6,.624,.595,9.6,14.2,12.1,11.3,1.7,1.4,17.3,11.5,123,104,3.2,2.1,5.2,.158
85,Mike Conley,PG,25,MEM,80,2757,18.3,.549,.497,1.8,7.9,4.8,29.5,3.4,0.7,15.1,21.0,111,100,5.1,4.7,9.9,.172
86,Will Conroy,PG,30,MIN,4,20,-15.2,.051,.000,5.5,0.0,2.9,0.0,0.0,0.0,0.0,22.1,21,115,-0.2,0.0,-0.2,-0.433
87,Daequan Cook,SG,25,TOT,49,441,5.8,.398,.383,1.8,14.1,7.9,6.7,0.9,1.2,8.0,19.2,85,107,-0.6,0.4,-0.2,-0.019
87,Daequan Cook,SG,25,HOU,16,165,8.8,.456,.449,3.5,8.8,6.2,9.1,1.8,0.9,9.0,17.6,96,108,0.0,0.1,0.1,.030
87,Daequan Cook,SG,25,CHI,33,276,4.0,.366,.347,0.8,17.3,8.9,5.2,0.4,1.4,7.4,20.1,78,105,-0.6,0.3,-0.3,-0.048
88,Chris Copeland,PF,28,NYK,56,862,16.8,.583,.557,4.5,11.9,8.1,5.7,1.0,1.2,10.7,25.3,110,109,1.5,0.6,2.1,.117
89,DeMarcus Cousins,C,22,SAC,75,2289,20.2,.524,.467,10.9,27.0,18.7,15.3,2.4,1.9,15.5,28.1,102,106,2.0,2.3,4.4,.092
90,Jamal Crawford,SG,32,LAC,76,2230,16.8,.558,.511,1.2,5.6,3.4,14.4,1.9,0.5,11.5,26.0,109,108,3.7,1.7,5.4,.116
91,Jordan Crawford,SG,24,TOT,70,1709,13.8,.512,.472,2.9,10.9,6.9,23.5,1.2,0.3,15.1,25.3,98,106,0.2,1.7,1.9,.052
91,Jordan Crawford,SG,24,WAS,43,1127,14.7,.512,.473,3.0,10.3,6.6,25.5,1.2,0.4,14.9,26.4,99,106,0.2,1.1,1.4,.058
91,Jordan Crawford,SG,24,BOS,27,582,12.0,.512,.470,2.7,12.0,7.5,19.4,1.1,0.3,15.5,23.1,97,107,0.0,0.5,0.5,.041
92,Jae Crowder,SF,22,DAL,78,1353,10.2,.491,.470,2.9,12.3,7.7,10.0,2.4,1.0,10.9,15.1,99,106,0.2,1.3,1.5,.055
93,Dante Cunningham,SF,25,MIN,80,2010,13.3,.485,.468,7.8,15.6,11.6,5.7,2.2,1.5,7.3,17.2,103,105,1.1,2.4,3.5,.084
94,Jared Cunningham,SG,21,DAL,8,26,14.8,.538,.500,4.4,8.4,6.4,6.8,2.0,0.0,11.8,29.6,98,109,0.0,0.0,0.0,.033
95,Eddy Curry,C,30,DAL,2,25,-0.2,.461,.500,9.1,8.7,8.9,0.0,0.0,0.0,23.5,23.3,74,113,-0.1,0.0,-0.1,-0.146
96,Stephen Curry,PG,24,GSW,78,2983,21.3,.589,.549,2.3,9.1,5.8,31.1,2.1,0.3,13.7,26.4,115,107,8.4,2.8,11.2,.180
97,Samuel Dalembert,C,31,MIL,47,765,18.6,.565,.543,14.2,24.9,19.4,4.5,1.1,5.1,15.5,18.7,108,101,0.9,1.2,2.2,.137
98,Marquis Daniels,SF,32,MIL,59,1085,9.2,.432,.405,4.6,10.5,7.4,9.0,2.4,0.7,10.7,16.9,92,106,-0.6,1.1,0.5,.023
99,Anthony Davis,PF,19,NOH,64,1846,21.7,.559,.516,10.5,23.5,16.8,6.1,2.2,5.1,10.3,21.8,113,104,3.7,2.4,6.1,.159
100,Ed Davis,C-PF,23,TOT,81,1631,17.8,.561,.539,10.9,22.8,16.7,6.7,1.2,4.2,10.2,17.6,114,102,2.9,2.4,5.4,.159
100,Ed Davis,C,23,TOR,45,1087,18.1,.570,.549,10.2,22.8,16.4,8.8,1.2,2.8,10.5,18.3,115,105,2.1,1.2,3.3,.147
100,Ed Davis,PF,23,MEM,36,544,17.2,.539,.517,12.1,22.8,17.4,2.4,1.3,7.1,9.5,16.1,113,96,0.8,1.2,2.1,.183
101,Glen Davis,PF,27,ORL,34,1064,15.0,.483,.448,5.8,20.3,13.1,11.3,1.6,1.5,10.8,25.4,97,107,-0.1,0.9,0.8,.035
102,Austin Daye,SF,24,TOT,55,676,12.9,.554,.531,2.7,18.8,10.6,10.1,1.1,2.6,11.5,17.1,109,104,0.8,0.9,1.6,.117
102,Austin Daye,SF,24,DET,24,348,12.6,.581,.552,3.2,17.9,10.4,9.6,0.8,1.8,11.0,15.4,115,109,0.5,0.2,0.8,.108
102,Austin Daye,SF,24,MEM,31,328,13.3,.529,.514,2.1,19.8,10.8,10.6,1.5,3.5,11.9,18.8,104,99,0.2,0.6,0.9,.127
103,Nando De Colo,SG,25,SAS,72,920,11.1,.530,.500,3.1,13.7,8.7,21.6,2.3,0.5,23.7,17.1,97,102,0.0,1.4,1.3,.070
104,Carlos Delfino,SF,30,HOU,67,1689,13.3,.549,.532,1.2,13.4,7.4,12.5,2.0,0.4,10.0,18.6,109,107,2.0,1.5,3.5,.101
105,Luol Deng,SF,27,CHI,75,2903,15.1,.508,.461,6.3,12.6,9.4,13.2,1.5,0.8,10.6,21.5,105,105,3.0,3.3,6.3,.105
106,Justin Dentmon,PG,27,DAL,2,4,-19.4,.000,.000,0.0,0.0,0.0,0.0,0.0,0.0,0.0,22.8,0,116,0.0,0.0,0.0,-0.571
107,DeMar DeRozan,SG,23,TOR,82,3013,14.7,.523,.459,1.9,10.9,6.3,12.0,1.3,0.6,9.6,24.2,105,110,3.1,1.6,4.7,.075
108,Boris Diaw,PF,30,SAS,75,1709,11.9,.603,.584,4.7,12.0,8.6,15.0,1.6,1.1,18.9,12.0,113,103,2.2,2.3,4.4,.124
109,DeSagana Diop,C,31,CHA,22,226,6.6,.292,.296,4.9,21.4,12.9,8.5,1.2,5.7,22.6,7.1,74,108,-0.3,0.2,-0.1,-0.017
110,Keyon Dooling,PG,32,MEM,7,82,11.2,.644,.595,0.0,1.5,0.7,15.6,0.7,0.0,17.2,16.4,117,108,0.2,0.1,0.2,.128
111,Toney Douglas,PG,26,TOT,71,1289,13.4,.531,.491,3.0,9.2,6.1,18.3,2.8,0.2,13.9,19.9,106,108,1.4,1.0,2.4,.089
111,Toney Douglas,PG,26,HOU,49,913,12.3,.522,.482,2.9,8.2,5.6,16.0,2.2,0.2,12.8,21.0,105,108,0.8,0.7,1.5,.081
111,Toney Douglas,PG,26,SAC,22,376,16.0,.558,.522,3.3,11.6,7.3,23.8,4.2,0.2,17.1,17.3,111,108,0.6,0.3,0.9,.110
112,Chris Douglas-Roberts,SG,26,DAL,6,63,8.3,.462,.357,0.0,8.7,4.4,8.9,1.6,0.0,5.2,14.0,101,110,0.0,0.0,0.1,.041
113,Goran Dragic,PG,26,PHO,77,2581,17.5,.540,.491,2.6,8.0,5.2,35.7,2.5,0.8,16.8,21.7,109,109,4.1,1.6,5.7,.106
114,Andre Drummond,C,19,DET,60,1243,21.6,.578,.610,15.4,27.2,21.2,4.1,2.5,6.1,12.2,17.2,114,99,2.2,2.3,4.5,.172
115,Jared Dudley,SF,27,PHO,79,2170,14.9,.582,.547,4.1,8.9,6.4,14.9,1.8,0.3,12.0,17.2,114,111,3.9,0.9,4.8,.106
116,Chris Duhon,PG,30,LAL,46,820,8.0,.517,.516,1.5,7.5,4.6,22.8,1.2,0.1,23.7,9.2,108,111,0.6,0.4,1.0,.056
117,Tim Duncan,C,36,SAS,69,2078,24.4,.554,.503,7.3,29.6,19.1,15.5,1.2,6.4,11.7,27.8,107,95,3.4,4.9,8.3,.191
118,Mike Dunleavy,SF,32,MIL,75,1943,13.6,.577,.545,1.7,14.9,8.0,11.5,1.0,1.3,11.7,17.3,111,107,2.7,1.7,4.4,.109
119,Kevin Durant,SF,24,OKC,81,3119,28.3,.647,.559,1.8,20.3,11.8,21.7,1.9,2.6,13.7,29.8,122,100,13.6,5.3,18.9,.291
120,Devin Ebanks,SF,23,LAL,19,197,6.3,.411,.370,5.7,16.9,11.5,7.8,0.8,0.4,12.2,20.4,87,108,-0.2,0.1,-0.1,-0.025
121,Wayne Ellington,SG,25,TOT,78,1661,12.2,.546,.516,1.7,10.3,5.8,10.1,1.4,0.1,9.2,16.8,111,109,2.1,1.1,3.2,.093
121,Wayne Ellington,SG,25,MEM,40,676,9.8,.529,.510,0.9,8.4,4.5,9.9,1.3,0.1,10.4,15.7,107,105,0.6,0.8,1.3,.094
121,Wayne Ellington,SG,25,CLE,38,985,13.9,.556,.520,2.2,11.6,6.7,10.3,1.5,0.2,8.5,17.6,113,112,1.6,0.3,1.9,.093
122,Monta Ellis,SG,27,MIL,82,3076,16.2,.493,.448,1.5,9.8,5.5,27.1,2.8,0.9,13.7,26.3,100,105,1.2,3.3,4.6,.071
123,Kim English,SG,24,DET,41,407,7.9,.477,.438,2.2,8.4,5.2,9.8,2.1,0.6,13.2,16.1,96,110,0.0,0.2,0.2,.021
124,Jeremy Evans,PF,25,UTA,37,215,19.9,.641,.614,14.0,17.6,15.8,8.0,2.0,4.8,12.0,14.1,130,104,0.7,0.3,0.9,.208
125,Reggie Evans,PF,32,BRK,80,1967,12.8,.506,.479,15.5,38.0,26.7,3.2,2.0,0.5,23.6,11.0,102,100,0.8,3.5,4.3,.105
126,Tyreke Evans,SG,23,SAC,65,2016,18.1,.558,.508,3.1,13.5,8.2,19.0,2.3,1.0,12.6,22.3,110,111,3.6,0.8,4.4,.105
127,Festus Ezeli,C,23,GSW,78,1120,9.3,.467,.438,14.3,16.4,15.4,2.7,1.0,5.2,23.5,10.7,97,103,0.0,1.5,1.5,.066
128,Kenneth Faried,PF,23,DEN,80,2248,18.5,.573,.552,13.2,23.2,18.3,5.1,1.8,2.9,12.3,17.7,116,102,4.5,3.4,7.8,.167
129,Derrick Favors,PF,21,UTA,77,1787,17.5,.533,.482,11.9,24.0,17.9,6.8,2.0,5.7,15.9,20.6,104,101,1.5,2.9,4.4,.117
130,Raymond Felton,PG,28,NYK,68,2313,15.2,.505,.480,2.5,7.5,4.9,27.0,2.2,0.5,14.2,22.1,105,108,2.5,1.7,4.2,.087
131,Landry Fields,SF,24,TOR,51,1037,10.3,.487,.462,6.7,17.4,11.9,8.9,1.6,0.6,14.6,12.9,101,108,0.3,0.8,1.1,.052
132,Derek Fisher,SG-PG,38,TOT,33,575,7.7,.492,.435,0.4,6.6,3.6,11.7,1.7,0.4,14.4,16.4,97,108,0.0,0.4,0.4,.034
132,Derek Fisher,PG,38,DAL,9,229,8.7,.513,.431,0.0,7.2,3.6,19.5,1.1,0.7,19.3,18.5,97,111,0.0,0.1,0.1,.016
132,Derek Fisher,SG,38,OKC,24,346,7.0,.478,.438,0.7,6.2,3.6,6.6,2.1,0.2,10.5,15.1,97,106,0.0,0.3,0.3,.046
133,Evan Fournier,SG,20,DEN,38,428,13.8,.597,.566,1.6,7.4,4.6,15.5,2.2,0.2,15.9,20.4,111,108,0.7,0.3,1.0,.115
134,Randy Foye,SG,29,UTA,82,2249,11.7,.550,.518,0.9,5.8,3.3,11.7,1.5,0.9,10.3,18.1,110,111,2.8,0.9,3.7,.080
135,Jimmer Fredette,SG,23,SAC,69,967,14.6,.546,.500,2.2,6.4,4.2,15.9,1.6,0.2,13.1,23.9,106,115,1.1,-0.1,1.1,.052
136,Joel Freeland,PF,25,POR,51,477,9.3,.435,.408,9.6,19.5,14.5,4.3,1.4,1.7,11.0,16.6,94,108,-0.2,0.4,0.2,.022
137,Danilo Gallinari,SF,24,DEN,71,2309,16.7,.561,.495,3.2,14.4,8.9,11.2,1.4,1.2,9.8,21.3,116,107,5.2,2.0,7.2,.151
138,Francisco Garcia,SG-SF,31,TOT,58,1029,11.0,.519,.505,0.9,9.4,5.1,9.2,2.3,2.9,9.4,14.7,105,109,0.6,0.6,1.3,.059
138,Francisco Garcia,SG,31,SAC,40,710,10.5,.488,.473,1.1,10.1,5.5,9.0,2.3,3.4,8.7,14.5,101,110,0.2,0.4,0.6,.040
138,Francisco Garcia,SF,31,HOU,18,319,12.2,.586,.574,0.4,7.7,4.1,9.5,2.2,1.7,10.9,15.1,112,107,0.4,0.3,0.7,.101
139,Kevin Garnett,C,36,BOS,68,2022,19.2,.535,.498,4.5,25.8,15.5,14.4,2.0,2.4,10.5,24.5,104,99,1.8,3.8,5.6,.133
140,Diante Garrett,PG,24,PHO,19,149,9.0,.375,.357,3.7,7.8,5.7,31.3,3.4,0.0,23.1,20.7,80,108,-0.3,0.1,-0.2,-0.073
141,Marc Gasol,C,28,MEM,80,2796,19.5,.559,.494,7.6,18.9,13.1,19.1,1.6,4.1,13.5,19.2,115,98,6.1,5.4,11.5,.197
142,Pau Gasol,PF,32,LAL,49,1655,16.7,.512,.473,7.6,20.1,14.0,19.9,0.7,2.7,13.7,20.5,107,106,2.0,1.7,3.7,.107
143,Rudy Gay,SF,26,TOT,75,2687,15.6,.494,.449,4.3,16.3,10.2,13.6,2.3,1.6,12.5,27.2,98,102,0.1,3.9,4.0,.072
143,Rudy Gay,SF,26,MEM,42,1541,14.1,.478,.438,4.2,15.1,9.5,12.4,2.0,1.7,12.1,25.7,97,101,-0.2,2.6,2.4,.075
143,Rudy Gay,SF,26,TOR,33,1146,17.6,.513,.464,4.4,17.8,11.0,15.3,2.6,1.5,13.1,29.1,99,105,0.3,1.4,1.6,.068
144,Alonzo Gee,SF,25,CLE,82,2541,10.5,.505,.456,3.3,11.7,7.3,8.2,2.2,0.9,13.7,16.9,99,110,0.5,1.5,1.9,.036
145,Mickael Gelabale,SF,29,MIN,36,644,11.8,.605,.576,5.5,12.3,8.8,6.4,1.3,0.5,9.7,11.5,121,108,1.0,0.5,1.5,.114
146,Paul George,SF,22,IND,79,2972,16.8,.531,.491,3.4,19.0,11.3,19.6,2.6,1.3,15.2,23.5,104,97,2.7,6.3,9.0,.145
147,Daniel Gibson,PG,26,CLE,46,919,7.7,.475,.453,0.6,7.3,3.8,13.4,1.7,0.4,10.5,14.3,101,112,0.3,0.2,0.5,.026
148,Taj Gibson,PF,27,CHI,65,1459,14.4,.518,.485,9.7,17.5,13.6,7.1,1.0,4.7,13.2,18.1,104,101,1.0,2.3,3.3,.109
149,Manu Ginobili,SG,35,SAS,60,1393,19.0,.560,.502,2.6,13.4,8.3,30.6,2.9,0.7,17.3,25.2,107,100,2.1,2.4,4.5,.155
150,Drew Gooden,C,31,MIL,16,151,7.7,.382,.336,8.9,13.3,11.0,6.1,1.7,2.9,11.7,22.2,84,105,-0.3,0.2,-0.1,-0.034
151,Ben Gordon,SG,29,CHA,75,1560,12.7,.515,.482,1.3,8.5,4.8,17.6,1.2,0.8,14.3,27.8,96,115,-0.4,-0.2,-0.6,-0.018
152,Eric Gordon,SG,24,NOH,42,1264,15.4,.523,.450,0.9,6.4,3.6,19.3,1.9,0.5,14.6,29.4,101,112,0.8,0.3,1.1,.042
153,Marcin Gortat,C,28,PHO,61,1876,15.4,.543,.521,7.6,24.0,15.6,6.5,1.1,3.9,13.6,17.2,104,105,1.3,2.1,3.4,.086
154,Andrew Goudelock,SG,24,LAL,1,6,-6.4,.000,.000,18.9,0.0,9.2,0.0,0.0,0.0,0.0,14.8,38,116,0.0,0.0,0.0,-0.264
155,Danny Granger,SF,29,IND,5,74,4.0,.350,.314,4.6,8.9,6.8,6.9,1.4,1.0,9.4,26.2,77,103,-0.2,0.1,-0.1,-0.075
156,Aaron Gray,C,28,TOR,42,513,9.0,.544,.533,10.9,20.0,15.4,9.9,0.7,0.8,24.8,13.1,101,108,0.2,0.4,0.5,.050
157,Danny Green,SG,25,SAS,80,2201,14.1,.600,.581,2.0,10.3,6.4,9.5,2.1,1.8,11.9,16.6,110,102,2.6,3.2,5.9,.128
158,Draymond Green,SF,22,GSW,79,1061,7.1,.404,.354,6.2,20.3,13.5,7.0,2.0,1.8,15.4,14.0,87,102,-0.9,1.6,0.6,.028
159,Gerald Green,SF,27,IND,60,1080,9.9,.465,.435,3.3,11.1,7.3,7.9,0.9,1.6,10.5,21.3,95,103,-0.3,1.5,1.3,.056
160,Jeff Green,PF,26,BOS,81,2252,15.0,.561,.510,3.0,13.4,8.3,9.6,1.3,2.4,12.5,22.2,104,104,1.9,2.8,4.7,.099
161,Willie Green,SG,31,LAC,72,1188,11.8,.562,.553,1.7,7.9,4.9,7.1,1.3,0.8,7.2,16.6,113,108,1.7,0.9,2.5,.103
162,Blake Griffin,PF,23,LAC,80,2598,22.4,.572,.541,8.7,21.5,15.2,19.9,2.0,1.6,12.8,25.4,114,102,6.8,3.9,10.6,.196
163,Hamed Haddadi,C,27,TOT,30,322,10.2,.447,.427,15.0,24.7,19.8,5.7,1.0,6.4,24.8,17.4,85,101,-0.4,0.5,0.1,.010
163,Hamed Haddadi,C,27,MEM,13,87,7.4,.343,.333,13.3,19.4,16.3,6.9,0.6,5.7,15.5,13.7,85,99,-0.1,0.2,0.1,.039
163,Hamed Haddadi,C,27,PHO,17,235,11.2,.479,.459,15.6,26.7,21.0,5.2,1.1,6.7,27.3,18.7,85,102,-0.4,0.4,0.0,.000
164,Jordan Hamilton,SF,22,DEN,40,397,16.9,.490,.485,9.2,17.4,13.4,9.2,1.9,1.6,8.2,25.3,104,105,0.4,0.5,0.8,.100
165,Richard Hamilton,SG,34,CHI,50,1088,10.6,.481,.446,1.7,7.2,4.4,19.9,1.2,0.3,14.2,25.0,94,107,-0.6,0.9,0.4,.016
166,Ben Hansbrough,PG,25,IND,28,200,7.2,.501,.400,1.1,8.8,5.0,16.1,1.9,0.7,24.0,17.1,92,102,-0.1,0.3,0.2,.044
167,Tyler Hansbrough,PF,27,IND,81,1366,15.3,.527,.432,13.4,17.0,15.2,4.4,1.1,1.0,12.6,20.6,110,101,2.1,2.2,4.4,.154
168,James Harden,SG,23,HOU,78,2985,23.0,.600,.504,2.4,11.9,7.2,25.7,2.4,1.0,14.9,29.0,116,106,9.8,3.0,12.8,.206
169,Maurice Harkless,SF,19,ORL,76,1974,12.5,.504,.489,7.0,12.2,9.6,3.9,2.3,2.4,10.0,15.9,101,107,0.7,1.7,2.4,.059
170,Josh Harrellson,C,23,MIA,6,31,8.5,.506,.500,12.6,15.0,13.9,0.0,1.7,2.6,23.3,19.9,87,104,0.0,0.0,0.0,.002
171,Al Harrington,C,32,ORL,10,119,10.3,.434,.421,5.7,19.9,12.8,13.7,1.8,0.6,10.6,25.1,90,107,-0.1,0.1,0.0,-0.012
172,Devin Harris,SG,29,ATL,58,1421,14.6,.565,.525,0.5,8.7,4.7,21.7,2.3,0.7,14.7,19.5,108,106,1.8,1.5,3.3,.111
173,Terrel Harris,SG,25,TOT,20,137,-3.8,.239,.148,3.8,19.3,11.4,9.0,0.8,1.8,35.1,16.6,48,109,-0.7,0.1,-0.6,-0.219
173,Terrel Harris,SG,25,MIA,7,29,7.2,.434,.250,18.0,20.1,19.1,9.5,0.0,0.0,25.8,25.6,88,107,0.0,0.0,0.0,-0.040
173,Terrel Harris,SG,25,NOH,13,108,-6.8,.126,.105,0.0,19.1,9.4,8.9,1.0,2.3,39.5,14.2,28,109,-0.7,0.1,-0.6,-0.267
174,Tobias Harris,SF-PF,20,TOT,55,1299,16.0,.527,.488,6.2,18.6,12.4,8.8,1.3,2.6,10.3,22.1,105,107,1.2,1.2,2.4,.089
174,Tobias Harris,SF,20,MIL,28,325,13.0,.538,.491,5.4,13.7,9.4,6.4,1.2,1.6,12.5,19.4,104,107,0.2,0.3,0.5,.080
174,Tobias Harris,PF,20,ORL,27,974,17.0,.524,.487,6.5,20.2,13.3,9.6,1.3,2.9,9.7,23.1,105,107,1.0,0.9,1.9,.092
175,Udonis Haslem,PF,32,MIA,75,1414,9.9,.535,.514,9.0,25.3,17.6,3.8,1.1,0.9,14.2,10.7,110,103,1.2,2.0,3.2,.108
176,Spencer Hawes,C,24,PHI,82,2233,16.0,.514,.483,8.5,21.7,14.9,13.5,0.6,3.9,13.0,20.9,103,104,1.7,2.8,4.5,.096
177,Chuck Hayes,C,29,SAC,74,1209,10.7,.469,.442,10.5,18.2,14.2,13.1,1.3,1.2,17.2,9.4,111,111,1.1,0.4,1.5,.060
178,Gordon Hayward,SF,22,UTA,72,2104,16.8,.564,.501,2.8,9.8,6.3,16.7,1.5,1.4,11.7,22.1,113,110,4.2,1.2,5.4,.123
179,Lazar Hayward,SF,26,MIN,4,31,11.2,.396,.200,0.0,15.2,7.4,14.2,3.3,0.0,0.0,18.3,102,103,0.0,0.0,0.1,.087
180,Brendan Haywood,C,33,CHA,61,1162,8.7,.441,.431,12.0,16.7,14.3,3.9,0.7,3.4,16.9,11.5,95,112,-0.2,0.4,0.1,.006
181,Gerald Henderson,SG,25,CHA,68,2133,16.4,.531,.466,2.9,10.8,6.7,15.6,1.7,1.3,9.8,23.5,107,113,2.9,0.3,3.3,.073
182,Xavier Henry,SF,21,NOH,50,625,7.6,.481,.422,3.9,13.4,8.6,3.2,1.4,0.7,13.3,17.3,94,111,-0.2,0.2,0.0,.002
183,John Henson,PF,22,MIL,63,827,18.2,.497,.482,14.5,24.4,19.3,6.3,1.2,3.7,11.0,22.6,103,102,0.6,1.2,1.9,.109
184,Roy Hibbert,C,26,IND,79,2269,17.3,.489,.449,14.8,17.4,16.1,8.9,0.9,6.7,14.5,22.5,101,97,1.3,4.9,6.1,.129
185,J.J. Hickson,C,24,POR,80,2323,19.7,.591,.562,13.2,28.5,20.7,6.6,1.1,1.7,14.4,19.9,113,106,4.6,2.3,6.9,.142
186,Cory Higgins,SG,23,CHA,6,32,12.6,.352,.342,3.5,7.4,5.4,29.8,4.9,0.0,0.0,28.3,90,108,0.0,0.0,0.0,-0.022
187,Nene Hilario,PF,30,WAS,61,1659,17.0,.538,.480,6.7,20.6,13.6,19.0,1.7,1.8,16.3,23.4,103,101,1.3,2.7,4.0,.116
188,George Hill,PG,26,IND,76,2620,16.6,.558,.518,2.0,9.9,6.0,23.4,1.6,0.7,10.7,18.8,117,102,5.9,3.8,9.7,.177
189,Grant Hill,SF,40,LAC,29,437,4.8,.428,.403,1.7,11.5,6.7,8.3,1.3,1.3,18.7,14.0,83,107,-0.5,0.4,-0.1,-0.014
190,Jordan Hill,PF,25,LAL,29,458,18.5,.533,.497,20.3,19.7,20.0,4.7,0.9,3.0,12.5,20.2,113,105,0.9,0.5,1.4,.147
191,Kirk Hinrich,PG,32,CHI,60,1764,10.8,.493,.461,1.0,9.3,5.1,27.5,1.9,1.1,17.5,14.7,103,105,1.0,2.1,3.1,.085
192,Jrue Holiday,PG,22,PHI,78,2926,16.7,.496,.466,3.3,9.5,6.4,36.5,2.2,0.9,17.3,26.6,99,107,0.6,2.7,3.3,.055
193,Justin Holiday,SG,23,PHI,9,142,7.6,.408,.375,0.0,11.5,5.6,16.0,1.1,3.3,14.9,19.6,82,107,-0.3,0.1,-0.1,-0.042
194,Ryan Hollins,C,28,LAC,60,663,11.3,.674,.614,9.1,15.7,12.5,2.4,0.5,4.3,22.4,13.6,115,105,1.0,0.8,1.7,.125
195,Tyler Honeycutt,SF,22,SAC,9,32,1.9,.337,.273,10.5,25.8,18.0,9.1,0.0,2.4,29.6,23.4,64,111,-0.2,0.0,-0.1,-0.220
196,Al Horford,C,26,ATL,74,2756,19.8,.560,.545,8.2,23.0,15.7,15.3,1.5,2.2,11.3,21.8,110,102,4.7,4.1,8.8,.153
197,Dwight Howard,C,27,LAL,76,2722,19.4,.573,.579,10.4,27.4,19.1,6.6,1.6,4.9,16.6,22.2,105,100,2.8,4.8,7.6,.134
198,Josh Howard,SF,32,MIN,11,207,9.5,.450,.435,4.8,15.4,9.9,3.2,2.5,1.1,10.8,20.0,88,104,-0.2,0.3,0.0,.009
199,Juwan Howard,PF,39,MIA,7,51,9.9,.540,.526,0.0,18.3,9.7,19.8,0.0,0.0,17.1,22.0,98,108,0.0,0.0,0.0,.039
200,Kris Humphries,PF,27,BRK,65,1191,13.6,.515,.448,12.4,23.9,18.1,4.3,0.7,2.1,13.5,16.3,109,105,1.4,1.3,2.7,.109
201,Serge Ibaka,PF,23,OKC,80,2486,19.4,.612,.586,11.1,17.0,14.2,2.8,0.6,7.4,12.7,18.1,117,101,5.3,4.1,9.4,.181
202,Andre Iguodala,SG,29,DEN,80,2779,15.2,.520,.502,3.4,13.5,8.5,22.4,2.5,1.5,17.1,18.8,105,105,2.4,3.2,5.6,.097
203,Ersan Ilyasova,PF,25,MIL,73,2012,18.3,.552,.521,7.9,20.3,13.9,9.6,1.7,1.3,7.9,20.5,114,104,4.1,2.5,6.7,.159
204,Kyrie Irving,PG,20,CLE,59,2048,21.4,.553,.503,1.8,10.8,6.1,32.7,2.3,0.8,13.8,30.2,108,110,4.2,1.1,5.3,.125
205,Royal Ivey,SG,31,PHI,53,698,8.1,.563,.559,2.5,6.8,4.6,6.7,1.7,0.3,11.7,11.3,108,109,0.5,0.5,1.0,.066
206,Jarrett Jack,SG,29,GSW,79,2349,15.9,.542,.499,1.0,10.1,5.7,29.9,1.3,0.4,14.3,21.0,110,108,3.9,1.8,5.6,.115
207,Reggie Jackson,PG,22,OKC,70,993,14.2,.531,.495,2.6,15.6,9.6,19.3,1.5,1.0,13.1,18.6,108,104,1.2,1.3,2.5,.121
208,Stephen Jackson,SF,34,SAS,55,1075,8.0,.473,.442,2.5,13.5,8.3,10.7,1.8,0.9,17.6,18.7,87,103,-1.2,1.5,0.3,.013
209,Bernard James,C,27,DAL,46,457,14.7,.541,.515,12.9,18.9,16.0,1.9,1.3,6.5,12.9,13.9,111,103,0.5,0.7,1.2,.125
210,Damion James,SF,25,BRK,2,0,,,,,,,,,,,,,,0.0,0.0,0.0,
211,LeBron James,PF,28,MIA,76,2877,31.6,.640,.603,4.4,20.8,13.1,36.4,2.4,1.9,12.4,30.2,125,101,14.6,4.7,19.3,.322
212,Mike James,PG,37,DAL,45,862,9.5,.481,.461,1.2,8.0,4.7,23.7,1.5,0.3,16.2,17.9,97,110,0.0,0.5,0.4,.024
213,Antawn Jamison,PF,36,LAL,76,1636,15.3,.561,.537,7.5,16.6,12.2,5.0,0.9,1.0,7.7,18.7,114,108,3.0,1.3,4.3,.126
214,Al Jefferson,C,28,UTA,78,2578,20.9,.522,.495,7.0,25.9,16.3,12.0,1.6,2.7,7.3,25.3,109,104,4.3,3.3,7.7,.143
215,Richard Jefferson,SF,32,GSW,56,568,10.3,.552,.507,1.0,14.9,8.1,8.0,1.3,1.0,12.6,14.4,106,106,0.4,0.6,1.0,.081
216,Jared Jeffries,PF,31,POR,38,350,2.4,.343,.296,8.5,11.4,10.0,5.6,0.9,1.3,21.0,10.6,80,111,-0.4,0.1,-0.3,-0.042
217,Charles Jenkins,SG-PG,23,TOT,59,441,7.5,.425,.409,2.0,6.0,4.0,14.8,1.8,0.4,13.8,15.5,89,109,-0.3,0.3,0.0,-0.005
217,Charles Jenkins,SG,23,GSW,47,291,6.9,.445,.428,2.0,5.9,4.0,14.4,1.6,0.3,17.3,16.9,88,109,-0.3,0.2,-0.1,-0.018
217,Charles Jenkins,PG,23,PHI,12,150,8.6,.377,.368,2.2,6.2,4.1,15.7,2.1,0.5,4.8,12.8,94,108,0.0,0.1,0.1,.021
218,John Jenkins,SG,21,ATL,61,902,13.0,.576,.536,2.2,9.6,6.0,9.8,0.7,0.8,11.0,18.7,109,109,1.1,0.6,1.7,.091
219,Brandon Jennings,PG,23,MIL,80,2897,16.1,.510,.468,2.1,7.2,4.6,29.1,2.2,0.3,12.9,23.7,106,108,3.6,2.2,5.8,.096
220,Jonas Jerebko,PF,25,DET,49,892,15.7,.531,.489,8.6,15.4,11.9,8.1,2.3,0.7,10.6,20.2,109,107,1.2,0.8,2.0,.107
221,Amir Johnson,PF,25,TOR,81,2325,17.3,.591,.559,11.4,20.0,15.6,8.7,1.8,3.8,14.5,16.1,116,104,4.4,2.9,7.3,.151
222,Chris Johnson,SF,22,MEM,8,102,10.7,.560,.560,5.7,7.1,6.4,3.1,2.1,0.0,10.4,13.1,111,104,0.1,0.1,0.2,.112
223,Chris Johnson,C,27,MIN,30,284,18.4,.650,.640,7.8,16.6,12.1,4.9,1.3,7.6,12.6,16.2,119,101,0.6,0.4,1.0,.176
224,Ivan Johnson,PF,28,ATL,69,1035,15.7,.546,.521,8.5,20.7,14.7,7.4,2.8,1.0,14.7,21.7,102,101,0.6,1.7,2.3,.106
225,James Johnson,SF,25,SAC,54,878,10.2,.442,.417,6.2,12.9,9.5,10.2,2.4,4.5,17.9,19.3,87,108,-1.1,0.6,-0.5,-0.028
226,Joe Johnson,SG,31,BRK,72,2642,14.1,.521,.493,2.4,7.4,4.9,16.7,1.0,0.4,9.9,21.7,109,111,3.9,1.2,5.1,.092
227,Orlando Johnson,SG,23,IND,51,619,11.4,.523,.500,3.7,15.9,9.9,12.5,0.9,1.1,13.0,16.4,106,102,0.5,1.0,1.5,.115
228,Wesley Johnson,SF,25,PHO,50,953,10.3,.485,.470,2.5,12.4,7.3,5.9,1.2,1.4,10.4,21.4,93,110,-0.5,0.5,0.0,.000
229,Darius Johnson-Odom,SG,23,LAL,4,6,-6.7,.000,.000,18.9,53.7,36.7,21.7,0.0,0.0,0.0,29.7,35,100,-0.1,0.0,-0.1,-0.439
230,Dahntay Jones,SF-SG,32,TOT,78,1016,6.4,.482,.394,2.7,8.4,5.6,6.7,1.1,0.5,12.3,14.0,97,110,0.0,0.6,0.6,.026
230,Dahntay Jones,SF,32,DAL,50,635,6.9,.494,.386,2.3,9.8,6.1,6.1,0.8,0.6,11.1,14.2,100,111,0.2,0.3,0.4,.033
230,Dahntay Jones,SG,32,ATL,28,381,5.4,.460,.409,3.4,5.9,4.7,7.6,1.6,0.2,14.3,13.6,92,108,-0.2,0.3,0.1,.015
231,DeQuan Jones,SF,22,ORL,63,803,8.4,.485,.456,2.4,12.4,7.4,3.0,1.2,2.1,11.1,15.3,93,110,-0.3,0.4,0.1,.007
232,Dominique Jones,PG,24,DAL,29,338,12.4,.438,.372,6.0,8.7,7.4,36.2,2.1,0.5,22.3,23.0,93,108,-0.2,0.2,0.0,.001
233,James Jones,SF,32,MIA,38,221,8.1,.478,.475,0.0,11.6,6.1,8.4,0.5,2.2,4.6,14.2,101,108,0.1,0.2,0.2,.054
234,Kevin Jones,PF,23,CLE,32,334,11.1,.418,.402,12.6,14.5,13.5,4.8,1.4,1.2,6.6,16.2,99,110,0.1,0.2,0.2,.032
235,Perry Jones,SF,21,OKC,38,280,7.8,.417,.394,5.3,19.1,12.7,5.5,0.9,1.6,12.4,19.6,85,104,-0.4,0.4,0.0,-0.003
236,Solomon Jones,PF,28,NYK,2,26,-5.7,.000,.000,4.4,9.3,6.8,0.0,0.0,3.3,75.0,7.2,17,110,-0.1,0.0,-0.1,-0.172
237,Terrence Jones,PF,21,HOU,19,276,17.1,.512,.484,11.6,15.0,13.4,8.6,2.2,5.2,11.4,18.1,108,102,0.3,0.4,0.7,.128
238,DeAndre Jordan,C,24,LAC,82,2010,17.2,.606,.643,12.7,22.4,17.6,2.2,1.3,4.7,14.3,15.9,113,101,3.0,3.2,6.2,.148
239,Cory Joseph,PG,21,SAS,28,388,13.5,.528,.491,3.8,11.3,7.7,20.2,2.0,0.7,15.0,16.6,107,103,0.4,0.5,0.9,.113
240,Kris Joseph,SF,24,TOT,10,54,0.6,.257,.143,2.3,12.9,7.7,2.8,3.0,0.0,10.2,17.0,57,104,-0.2,0.1,-0.1,-0.127
240,Kris Joseph,SF,24,BOS,6,24,-3.2,.274,.182,5.1,19.1,12.3,6.2,0.0,0.0,13.6,29.1,59,107,-0.2,0.0,-0.1,-0.275
240,Kris Joseph,SF,24,BRK,4,30,3.7,.210,.000,0.0,7.9,3.9,0.0,5.4,0.0,0.0,7.3,53,102,-0.1,0.0,0.0,-0.008
241,Chris Kaman,C,30,DAL,66,1363,16.3,.529,.507,8.1,22.1,15.2,6.6,1.1,3.0,13.6,25.3,98,105,0.0,1.6,1.6,.058
242,Enes Kanter,C,20,UTA,70,1078,17.6,.588,.545,14.5,18.6,16.5,5.0,1.4,2.3,19.0,22.4,106,107,1.2,1.0,2.3,.101
243,Jason Kidd,SG,39,NYK,76,2043,13.5,.532,.511,2.8,16.2,9.3,17.8,3.3,1.1,15.0,11.6,114,103,2.6,2.8,5.4,.128
244,Michael Kidd-Gilchrist,SF,19,CHA,78,2025,14.0,.506,.460,7.2,18.9,12.9,10.1,1.4,2.8,12.7,17.9,102,110,1.1,1.0,2.1,.051
245,Andrei Kirilenko,SF,31,MIN,64,2034,17.6,.590,.538,5.6,15.1,10.2,14.4,2.4,2.4,15.1,17.4,113,104,3.4,2.6,6.0,.142
246,Linas Kleiza,SF,28,TOR,20,376,8.2,.460,.403,3.1,13.5,8.2,6.9,0.6,0.4,8.0,21.6,96,111,-0.1,0.2,0.1,.013
247,Brandon Knight,PG,21,DET,75,2365,12.0,.511,.475,2.6,9.6,6.0,21.3,1.3,0.3,17.3,22.8,98,111,0.3,0.8,1.1,.022
248,Kyle Korver,SF,31,ATL,74,2259,13.9,.637,.618,1.2,13.5,7.4,9.9,1.6,1.3,9.9,14.5,119,105,4.0,2.5,6.4,.137
249,Kosta Koufos,C,23,DEN,81,1817,17.2,.585,.581,13.3,21.2,17.3,2.6,1.2,4.4,8.7,14.5,122,103,3.9,2.5,6.5,.171
250,Viacheslav Kravtsov,C,25,DET,25,224,14.4,.618,.717,12.1,11.0,11.6,6.6,1.2,3.2,18.4,15.5,109,109,0.3,0.1,0.4,.086
251,Doron Lamb,SG,21,TOT,47,577,4.8,.433,.411,1.5,7.4,4.4,8.2,1.2,0.0,12.7,15.7,86,112,-0.6,0.2,-0.4,-0.032
251,Doron Lamb,SG,21,MIL,23,280,3.0,.384,.368,1.1,5.6,3.3,10.6,1.3,0.0,13.6,18.3,78,111,-0.6,0.1,-0.4,-0.076
251,Doron Lamb,SG,21,ORL,24,297,6.5,.498,.471,1.9,9.1,5.5,5.8,1.1,0.0,11.6,13.2,98,113,0.0,0.1,0.1,.010
252,Jeremy Lamb,SF,20,OKC,23,147,11.2,.479,.419,4.2,9.4,7.0,5.4,0.7,1.0,7.5,24.8,100,108,0.1,0.1,0.2,.058
253,Carl Landry,PF,29,GSW,81,1876,17.5,.605,.541,10.9,17.3,14.2,5.6,0.9,1.3,13.7,20.0,116,106,4.3,1.9,6.2,.159
254,Ty Lawson,PG,25,DEN,73,2513,17.9,.549,.505,1.6,7.1,4.4,30.2,2.1,0.2,14.1,22.3,113,109,5.6,1.8,7.4,.141
255,Courtney Lee,SG,27,BOS,78,1941,11.7,.545,.519,1.9,9.4,5.8,11.7,2.4,0.9,13.0,15.7,102,104,0.9,2.4,3.3,.082
256,David Lee,PF,29,GSW,79,2907,19.2,.561,.519,8.5,24.5,16.8,16.5,1.2,0.6,13.7,23.2,110,104,5.4,3.7,9.1,.150
257,Malcolm Lee,SG,22,MIN,16,289,9.8,.460,.434,5.8,9.8,7.7,10.7,2.1,1.6,10.5,14.7,100,106,0.1,0.3,0.4,.059
258,Kawhi Leonard,SF,21,SAS,58,1810,16.4,.592,.556,4.3,17.1,11.1,7.7,2.7,1.3,9.6,16.4,114,99,3.0,3.3,6.2,.166
259,Meyers Leonard,C,20,POR,69,1206,12.1,.596,.551,7.6,17.1,12.3,4.3,0.5,2.4,13.4,13.9,115,110,1.8,0.7,2.4,.097
260,Jon Leuer,PF-C,23,TOT,28,187,10.4,.485,.481,7.9,15.5,11.6,6.8,1.7,0.0,12.2,15.9,99,106,0.0,0.2,0.2,.057
260,Jon Leuer,C,23,CLE,9,91,3.3,.359,.357,6.1,10.7,8.3,8.5,1.1,0.0,14.0,17.5,78,113,-0.2,0.0,-0.2,-0.092
260,Jon Leuer,PF,23,MEM,19,96,17.2,.628,.625,9.7,20.1,14.8,5.3,2.3,0.0,10.0,14.4,124,99,0.2,0.2,0.4,.198
261,Rashard Lewis,PF,33,MIA,55,792,11.1,.530,.516,3.1,15.0,9.4,5.7,1.4,1.4,10.9,18.2,101,105,0.3,0.9,1.2,.071
262,DeAndre Liggins,SG,24,OKC,39,290,9.4,.528,.521,5.5,14.7,10.5,7.2,3.2,0.8,20.3,10.8,101,101,0.1,0.5,0.6,.092
263,Damian Lillard,PG,22,POR,82,3167,16.4,.546,.501,1.5,8.0,4.7,28.8,1.2,0.5,14.5,24.2,108,112,5.1,0.7,5.8,.088
264,Jeremy Lin,PG,24,HOU,82,2640,14.9,.538,.490,1.4,9.1,5.3,29.4,2.5,0.8,18.8,20.8,106,107,3.0,2.5,5.4,.099
265,Shaun Livingston,PG,27,TOT,66,1455,13.0,.536,.480,2.4,10.4,6.2,23.2,1.7,1.7,16.3,14.3,109,109,1.7,0.9,2.6,.086
265,Shaun Livingston,PG,27,WAS,17,320,7.4,.434,.364,0.7,12.2,6.4,18.1,1.8,0.5,19.0,12.8,89,104,-0.2,0.4,0.2,.028
265,Shaun Livingston,PG,27,CLE,49,1135,14.6,.559,.507,2.8,9.8,6.2,24.6,1.7,2.1,15.7,14.7,114,110,1.9,0.6,2.4,.102
266,Brook Lopez,C,24,BRK,74,2253,24.7,.567,.521,10.8,16.1,13.4,6.4,0.8,5.2,9.4,28.6,114,105,6.4,2.6,9.0,.191
267,Robin Lopez,C,24,NOH,82,2136,18.9,.573,.534,12.4,13.4,12.9,5.3,0.8,5.0,12.0,20.0,114,110,4.4,1.2,5.6,.126
268,Kevin Love,PF,24,MIN,18,618,17.9,.458,.386,11.5,35.9,23.3,11.8,1.1,1.1,9.8,28.9,99,102,0.1,0.9,1.1,.084
269,Kyle Lowry,PG,26,TOR,68,2020,17.5,.543,.482,3.2,15.9,9.5,34.6,2.5,1.0,17.7,20.3,110,106,3.5,2.1,5.6,.133
270,John Lucas,PG,30,TOR,63,827,12.8,.483,.472,1.1,8.3,4.7,21.5,1.5,0.1,7.0,20.8,104,111,0.7,0.3,1.1,.061
271,Scott Machado,PG,22,HOU,6,21,6.0,.581,.500,0.0,5.3,2.7,44.2,4.8,0.0,53.8,31.0,69,104,-0.1,0.0,-0.1,-0.230
272,Shelvin Mack,PG-SG,23,TOT,31,416,11.3,.537,.532,0.8,10.0,5.4,26.3,1.9,0.0,20.4,18.5,99,106,0.1,0.4,0.5,.056
272,Shelvin Mack,PG,23,WAS,7,141,10.4,.453,.450,2.3,10.3,6.3,26.3,2.2,0.0,16.4,15.8,96,104,0.0,0.2,0.2,.052
272,Shelvin Mack,SG,23,PHI,4,7,-6.4,.500,.500,0.0,0.0,0.0,22.6,0.0,0.0,50.0,26.3,56,115,-0.1,0.0,-0.1,-0.348
272,Shelvin Mack,PG,23,ATL,20,268,12.3,.577,.571,0.0,10.1,5.1,26.3,1.7,0.0,21.0,19.7,102,107,0.1,0.2,0.4,.068
273,Corey Maggette,SF,33,DET,18,257,7.9,.489,.388,2.2,9.1,5.6,11.4,1.2,0.6,14.9,20.2,97,111,0.0,0.1,0.1,.017
274,Ian Mahinmi,C,26,IND,80,1322,10.6,.497,.453,9.9,16.2,13.1,3.3,1.6,3.7,18.5,17.1,95,98,-0.4,2.6,2.3,.083
275,Shawn Marion,PF,34,DAL,67,2010,18.0,.553,.531,8.2,20.6,14.5,13.1,1.9,1.8,12.3,19.0,109,104,2.9,2.5,5.3,.127
276,Kendall Marshall,PG,21,PHO,48,702,7.8,.455,.447,0.6,6.3,3.4,29.4,1.6,0.4,26.6,13.6,91,112,-0.4,0.2,-0.2,-0.012
277,Cartier Martin,SF,28,WAS,41,694,9.7,.511,.496,1.7,14.3,8.0,4.8,1.4,0.7,10.8,19.5,95,104,-0.2,0.9,0.7,.047
278,Kenyon Martin,C,35,NYK,18,431,13.9,.583,.602,8.9,17.1,12.9,2.9,2.0,3.4,12.6,13.7,114,104,0.6,0.6,1.2,.128
279,Kevin Martin,SG,29,OKC,77,2136,16.0,.608,.551,1.8,7.4,4.8,7.9,1.7,0.3,10.2,21.0,117,107,5.0,2.0,7.0,.157
280,Roger Mason,SG,32,NOH,69,1219,10.0,.570,.541,1.1,12.0,6.5,9.5,1.2,0.8,13.6,14.3,109,112,1.1,0.3,1.4,.057
281,Wesley Matthews,SG,26,POR,69,2403,14.1,.574,.540,1.7,7.6,4.6,11.8,2.0,0.6,10.9,19.1,111,111,3.6,1.0,4.7,.093
282,Jason Maxiell,PF,29,DET,72,1789,11.3,.478,.446,8.5,18.0,13.2,4.7,0.9,4.2,13.5,15.3,98,107,0.1,1.7,1.8,.047
283,Eric Maynor,PG-SG,25,TOT,64,963,9.3,.472,.438,1.1,4.4,2.8,28.7,1.2,0.1,20.4,18.4,96,112,-0.1,0.3,0.2,.008
283,Eric Maynor,PG,25,OKC,37,391,7.5,.419,.378,1.6,3.6,2.6,26.8,1.3,0.0,20.0,18.1,92,109,-0.3,0.2,0.0,-0.003
283,Eric Maynor,SG,25,POR,27,572,10.6,.508,.479,0.8,4.9,2.8,30.0,1.1,0.1,20.7,18.6,100,114,0.2,0.0,0.2,.016
284,O.J. Mayo,SG,25,DAL,82,2913,13.9,.556,.519,1.4,9.6,5.6,19.4,1.6,0.6,15.7,20.9,104,109,2.3,1.8,4.2,.069
285,Luc Mbah a Moute,SF,26,MIL,58,1326,9.1,.447,.418,7.0,14.0,10.4,6.1,1.6,0.8,13.9,16.5,92,107,-0.8,1.2,0.5,.017
286,JaVale McGee,C,25,DEN,79,1433,20.7,.589,.576,12.6,17.1,14.9,2.7,1.1,8.5,12.9,21.1,112,102,2.7,2.2,4.9,.163
287,Dominic McGuire,SF,27,TOT,26,387,7.7,.422,.429,5.7,18.4,12.0,7.5,1.8,2.3,16.6,8.7,93,106,-0.1,0.4,0.3,.035
287,Dominic McGuire,SF,27,TOR,15,230,7.5,.462,.469,5.6,19.5,12.4,6.4,1.2,2.8,16.8,8.4,97,106,0.0,0.2,0.2,.045
287,Dominic McGuire,SF,27,NOH,9,145,9.1,.434,.429,5.7,17.6,11.5,9.1,3.0,1.7,18.6,8.6,96,106,0.0,0.1,0.1,.043
287,Dominic McGuire,SF,27,IND,2,12,-6.0,.000,.000,9.5,9.1,9.3,11.5,0.0,0.0,0.0,14.7,32,107,-0.1,0.0,-0.1,-0.239
288,Josh McRoberts,PF,25,TOT,67,1487,12.7,.527,.490,7.0,18.1,12.4,14.8,1.1,1.4,14.8,13.7,109,110,1.5,0.7,2.2,.072
288,Josh McRoberts,PF,25,ORL,41,685,10.2,.478,.448,6.7,15.8,11.3,14.7,0.8,1.4,14.4,12.9,104,110,0.4,0.3,0.7,.051
288,Josh McRoberts,PF,25,CHA,26,802,14.8,.565,.524,7.2,20.0,13.4,14.9,1.4,1.5,15.1,14.3,113,111,1.1,0.4,1.5,.090
289,Jodie Meeks,SG,25,LAL,78,1663,11.4,.540,.502,2.5,8.7,5.7,6.4,1.8,0.2,8.3,16.7,109,109,1.9,1.1,3.0,.085
290,Fab Melo,C,22,BOS,6,36,4.9,.451,.500,0.0,9.6,4.9,0.0,2.9,4.4,11.4,11.5,77,100,0.0,0.1,0.0,.021
291,Khris Middleton,SG,21,DET,27,475,11.4,.532,.489,1.0,11.4,6.1,9.5,1.7,0.7,6.6,15.9,111,110,0.6,0.3,0.9,.089
292,C.J. Miles,SF,25,CLE,65,1364,15.3,.551,.518,1.9,13.4,7.4,8.1,1.9,1.0,9.5,23.9,107,110,1.8,0.8,2.6,.092
293,Darko Milicic,C,27,BOS,1,5,-30.2,.000,.000,0.0,22.9,11.8,0.0,0.0,0.0,66.7,28.4,0,105,-0.1,0.0,-0.1,-0.779
294,Andre Miller,PG,36,DEN,82,2151,15.7,.548,.493,3.2,9.1,6.2,32.2,1.7,0.4,19.3,17.9,112,109,3.9,1.5,5.4,.120
295,Darius Miller,SF,22,NOH,52,694,6.3,.529,.509,1.3,12.2,6.7,9.3,1.3,1.4,17.1,9.0,103,111,0.2,0.3,0.5,.034
296,Mike Miller,SF,32,MIA,59,900,13.5,.596,.591,2.6,18.0,10.7,16.2,1.2,0.4,12.9,14.4,117,105,1.6,1.0,2.6,.137
297,Quincy Miller,SF,20,DEN,7,26,5.9,.349,.333,4.4,4.2,4.3,16.8,1.9,0.0,7.2,23.1,86,110,0.0,0.0,0.0,-0.051
298,Patrick Mills,PG,24,SAS,58,656,14.1,.590,.577,1.7,6.8,4.4,14.9,2.0,0.4,13.5,20.2,106,105,0.7,0.8,1.5,.109
299,Paul Millsap,PF,27,UTA,78,2375,19.8,.550,.498,8.6,18.8,13.7,14.5,2.3,2.7,11.8,22.4,112,104,4.8,2.9,7.6,.154
300,Nazr Mohammed,C,35,CHI,63,693,10.8,.414,.367,12.0,20.4,16.2,5.8,1.6,3.5,10.7,14.9,97,100,0.0,1.2,1.2,.082
301,Greg Monroe,C,22,DET,81,2687,19.5,.527,.486,9.9,23.6,16.7,18.6,2.1,1.6,16.0,24.8,104,105,2.7,3.2,5.9,.105
302,E'Twaun Moore,SG,23,ORL,75,1682,10.7,.471,.452,3.2,8.0,5.6,19.1,1.6,1.1,14.4,19.7,95,111,-0.4,0.7,0.2,.006
303,Darius Morris,PG,22,LAL,48,683,8.1,.475,.452,4.0,5.2,4.6,16.8,1.6,0.2,18.1,16.2,96,110,-0.1,0.3,0.2,.016
304,Marcus Morris,PF-SF,23,TOT,77,1524,11.3,.516,.504,6.0,14.6,10.3,6.4,1.5,1.0,11.8,18.9,101,108,0.6,1.2,1.8,.058
304,Marcus Morris,PF,23,HOU,54,1154,12.1,.537,.520,6.3,15.2,10.8,6.3,1.2,1.1,10.9,18.4,106,108,1.1,0.9,2.0,.084
304,Marcus Morris,SF,23,PHO,23,370,8.6,.453,.452,5.1,12.9,8.9,6.4,2.5,0.8,14.2,20.2,87,108,-0.5,0.3,-0.2,-0.022
305,Markieff Morris,PF,23,PHO,82,1837,12.6,.473,.442,7.9,16.7,12.3,9.4,2.2,2.6,12.8,19.7,96,106,-0.2,1.9,1.7,.044
306,Anthony Morrow,SF-SG,27,TOT,41,383,12.0,.530,.497,3.3,5.6,4.5,5.6,1.8,0.2,4.9,19.6,107,109,0.4,0.3,0.7,.084
306,Anthony Morrow,SF,27,ATL,24,301,12.3,.526,.491,3.9,6.0,4.9,4.8,2.1,0.3,3.3,18.9,109,107,0.4,0.3,0.6,.100
306,Anthony Morrow,SG,27,DAL,17,82,10.9,.545,.515,1.4,4.0,2.7,8.3,0.6,0.0,10.1,22.1,101,113,0.0,0.0,0.0,.028
307,Donatas Motiejunas,PF,22,HOU,44,538,12.2,.531,.512,7.7,11.9,9.8,9.5,0.6,1.4,13.6,22.1,102,109,0.4,0.3,0.7,.061
308,Arnett Moultrie,PF,22,PHI,47,542,16.7,.595,.582,15.4,14.8,15.1,2.9,1.7,1.4,11.5,14.1,120,106,1.1,0.6,1.7,.149
309,Timofey Mozgov,C,26,DEN,41,366,12.3,.549,.506,15.6,17.1,16.4,3.4,0.8,3.8,20.3,14.6,107,105,0.3,0.4,0.7,.096
310,Byron Mullens,PF,23,CHA,53,1428,12.3,.465,.444,5.5,22.0,13.5,10.1,1.2,1.8,10.9,21.7,94,110,-0.6,0.7,0.1,.005
311,Kevin Murphy,SG,22,UTA,17,52,-4.5,.268,.268,0.0,9.1,4.5,6.1,1.0,0.0,9.7,27.1,57,112,-0.3,0.0,-0.3,-0.272
312,Troy Murphy,PF,32,DAL,14,256,9.1,.494,.451,3.1,17.9,10.7,3.8,2.0,1.8,9.6,13.0,99,105,0.0,0.3,0.3,.062
313,Steve Nash,PG,38,LAL,50,1627,16.0,.605,.557,1.8,7.7,4.8,32.8,0.9,0.2,19.3,17.8,117,111,3.7,0.6,4.3,.127
314,Gary Neal,SG,28,SAS,68,1484,11.5,.512,.487,1.1,9.6,5.6,13.5,1.0,0.1,9.9,21.7,99,106,0.4,1.5,1.9,.060
315,Jameer Nelson,PG,30,ORL,56,1977,14.4,.498,.470,1.3,10.6,6.0,33.3,1.9,0.2,15.7,22.5,101,110,1.1,1.0,2.1,.050
316,Andrew Nicholson,PF,23,ORL,75,1249,15.1,.557,.527,6.2,17.1,11.7,6.1,1.0,2.0,13.0,22.1,103,109,0.9,0.8,1.7,.065
317,Joakim Noah,C,27,CHI,66,2426,18.1,.534,.481,12.2,22.6,17.3,17.6,1.7,4.4,19.3,17.2,107,99,2.7,4.7,7.3,.145
318,Steve Novak,SF,29,NYK,81,1641,11.3,.602,.587,1.2,10.0,5.4,3.3,0.9,0.4,2.6,13.0,125,110,3.2,0.8,4.0,.116
319,Dirk Nowitzki,PF,34,DAL,53,1661,19.8,.564,.516,2.5,21.5,12.2,13.5,1.2,1.7,7.9,24.2,111,106,3.3,1.8,5.0,.145
320,Jermaine O'Neal,C,34,PHO,55,1029,16.7,.538,.482,8.9,23.8,16.2,6.8,0.9,5.7,14.8,21.4,103,104,0.7,1.3,2.0,.092
321,Kyle O'Quinn,C,22,ORL,57,638,15.8,.535,.513,11.5,25.5,18.5,13.1,0.9,3.1,14.6,18.1,107,106,0.7,0.7,1.4,.107
322,Lamar Odom,PF,33,LAC,82,1616,10.9,.429,.423,8.8,26.3,17.7,12.4,2.2,3.0,18.3,13.3,95,99,-0.3,3.0,2.7,.081
323,Tim Ohlbrecht,C,24,HOU,3,12,-6.1,.436,.333,0.0,9.3,4.7,11.8,4.2,0.0,53.8,27.1,46,104,-0.1,0.0,-0.1,-0.369
324,Emeka Okafor,C,30,WAS,79,2052,15.8,.496,.477,10.7,26.8,18.7,7.9,1.1,3.0,12.2,19.5,100,99,0.7,3.7,4.5,.104
325,Daniel Orton,C,22,OKC,13,104,14.0,.493,.462,15.5,13.4,14.3,5.7,2.0,2.2,10.7,16.4,110,103,0.1,0.1,0.3,.135
326,Travis Outlaw,SF,28,SAC,38,444,13.0,.500,.458,4.3,11.7,7.9,7.7,1.3,1.4,8.7,21.9,103,113,0.3,0.1,0.3,.037
327,Zaza Pachulia,C,28,ATL,52,1134,13.1,.534,.473,13.5,20.3,17.0,10.3,1.6,0.8,19.6,14.6,108,104,1.2,1.5,2.7,.116
328,Jannero Pargo,PG,33,TOT,32,507,10.3,.475,.460,2.2,5.7,3.9,22.8,1.9,0.5,15.8,23.3,92,111,-0.4,0.2,-0.2,-0.017
328,Jannero Pargo,PG,33,WAS,7,102,0.2,.319,.297,0.0,6.6,3.3,21.0,0.0,0.8,19.6,18.3,69,110,-0.3,0.1,-0.3,-0.129
328,Jannero Pargo,PG,33,ATL,7,113,9.7,.450,.434,1.0,6.0,3.5,25.4,1.4,0.0,11.4,18.0,99,109,0.0,0.1,0.1,.041
328,Jannero Pargo,PG,33,CHA,18,292,14.1,.517,.504,3.4,5.2,4.3,22.5,2.7,0.6,16.1,27.1,96,113,-0.1,0.0,0.0,-0.001
329,Jeremy Pargo,PG-SG,26,TOT,39,655,10.4,.478,.446,1.3,7.5,4.3,23.0,1.0,0.2,15.3,22.5,95,113,-0.2,0.1,0.0,-0.002
329,Jeremy Pargo,PG,26,CLE,25,447,11.3,.478,.449,1.7,6.8,4.1,24.2,1.4,0.4,15.3,24.1,95,113,-0.1,0.1,-0.1,-0.006
329,Jeremy Pargo,SG,26,PHI,14,208,8.4,.478,.437,0.5,8.9,4.6,20.4,0.3,0.0,15.3,18.9,96,112,0.0,0.1,0.0,.006
330,Tony Parker,PG,30,SAS,66,2174,23.0,.588,.534,1.0,9.1,5.3,40.4,1.3,0.2,13.0,27.7,116,106,7.1,2.3,9.3,.206
331,Chandler Parsons,SF,24,HOU,76,2758,15.3,.584,.567,3.3,13.2,8.3,15.6,1.4,0.9,12.7,18.3,113,108,4.9,2.1,7.0,.121
332,Patrick Patterson,PF,23,TOT,71,1775,15.2,.566,.553,7.2,14.4,10.8,7.5,0.9,1.7,8.6,17.6,114,110,3.1,1.0,4.1,.111
332,Patrick Patterson,PF,23,HOU,47,1219,15.5,.571,.557,6.9,13.6,10.3,7.0,0.7,1.7,8.1,18.6,114,109,2.2,0.8,3.0,.120
332,Patrick Patterson,PF,23,SAC,24,556,14.5,.554,.542,8.1,16.1,12.0,8.6,1.2,1.8,9.8,15.4,114,112,0.9,0.2,1.0,.090
333,Chris Paul,PG,27,LAC,70,2335,26.4,.594,.526,2.8,10.5,6.7,46.5,3.8,0.4,13.7,22.6,127,102,10.6,3.4,13.9,.287
334,Sasha Pavlovic,SG,29,POR,39,528,6.2,.423,.429,1.5,10.9,6.2,8.9,2.4,0.7,10.3,11.8,90,109,-0.3,0.4,0.1,.009
335,Nikola Pekovic,C,27,MIN,62,1959,20.2,.572,.520,13.0,19.0,15.9,4.9,1.1,2.0,10.3,22.5,115,106,4.6,2.1,6.7,.163
336,Jeff Pendergraph,PF,25,IND,37,369,14.5,.533,.492,8.9,22.2,15.7,7.2,0.9,2.4,14.5,19.7,104,99,0.3,0.7,1.0,.129
337,Kendrick Perkins,C,28,OKC,78,1954,8.2,.479,.457,7.0,19.5,13.7,7.9,1.1,3.2,24.0,10.6,94,102,-0.5,3.0,2.5,.062
338,Johan Petro,C,27,ATL,31,352,11.0,.468,.441,10.9,25.3,18.2,7.1,1.5,2.0,17.2,18.3,92,101,-0.2,0.6,0.4,.048
339,Paul Pierce,SF,35,BOS,77,2575,19.1,.559,.502,2.1,19.7,11.2,25.1,1.7,0.9,14.3,27.4,106,102,3.5,3.7,7.2,.135
340,Mickael Pietrus,SF,30,TOR,19,386,6.0,.472,.449,1.5,9.7,5.5,3.5,1.7,1.2,13.1,14.7,89,109,-0.3,0.2,0.0,-0.004
341,Dexter Pittman,C,24,TOT,11,32,1.6,.325,.364,27.2,18.5,22.7,0.0,0.0,0.0,19.6,22.4,75,105,-0.1,0.0,-0.1,-0.107
341,Dexter Pittman,C,24,MIA,4,12,17.0,.600,.600,43.5,29.1,35.9,0.0,0.0,0.0,28.6,27.9,103,104,0.0,0.0,0.0,.114
341,Dexter Pittman,C,24,MEM,7,20,-7.7,.137,.167,17.4,12.0,14.8,0.0,0.0,0.0,12.0,19.2,48,106,-0.1,0.0,-0.1,-0.239
342,Miles Plumlee,C,24,IND,14,55,8.8,.286,.238,24.8,19.9,22.3,5.7,0.0,4.0,11.6,21.4,82,100,-0.1,0.1,0.0,-0.015
343,Quincy Pondexter,SF,24,MEM,59,1243,11.0,.565,.528,4.0,8.6,6.3,7.6,1.5,0.4,11.2,13.9,114,104,1.7,1.5,3.2,.125
344,A.J. Price,PG,26,WAS,57,1278,12.4,.501,.475,1.7,8.2,4.9,26.4,1.3,0.2,12.7,18.0,105,107,1.0,1.2,2.2,.084
345,Ronnie Price,PG,29,POR,39,510,6.8,.402,.367,2.9,7.2,5.0,21.0,2.7,0.4,20.7,14.8,88,109,-0.5,0.3,-0.2,-0.017
346,Pablo Prigioni,PG,35,NYK,78,1263,13.0,.595,.575,3.7,9.8,6.6,27.5,2.9,0.1,27.1,11.7,116,106,2.0,1.3,3.2,.123
347,Tayshaun Prince,SF,32,TOT,82,2631,11.5,.486,.461,3.1,13.2,8.1,12.1,1.0,0.8,9.2,16.8,103,108,1.5,2.1,3.6,.065
347,Tayshaun Prince,SF,32,DET,45,1457,12.5,.502,.468,3.3,13.4,8.3,12.6,0.8,0.7,9.3,18.1,105,111,1.2,0.6,1.7,.057
347,Tayshaun Prince,SF,32,MEM,37,1174,10.2,.461,.451,2.9,12.9,7.8,11.6,1.2,0.8,9.0,15.2,100,103,0.3,1.6,1.8,.075
348,Joel Przybilla,C,33,MIL,12,68,3.3,.205,.250,7.6,26.2,16.6,7.6,0.7,2.1,45.0,5.7,66,103,-0.1,0.1,0.0,-0.005
349,Chris Quinn,SG,29,CLE,7,78,1.3,.296,.250,1.4,1.6,1.5,16.3,2.0,0.0,26.2,13.1,66,113,-0.2,0.0,-0.2,-0.124
350,Vladimir Radmanovic,PF,32,CHI,25,144,6.3,.372,.360,7.9,14.5,11.2,8.6,3.0,2.1,13.6,16.4,84,100,-0.2,0.3,0.1,.020
351,Anthony Randolph,PF,23,DEN,39,329,15.6,.534,.491,10.1,22.1,16.2,5.5,2.9,5.0,21.7,22.5,94,99,-0.1,0.6,0.5,.073
352,Shavlik Randolph,PF,29,BOS,16,198,15.9,.559,.583,17.2,24.3,20.9,3.3,2.1,2.8,14.3,16.7,110,98,0.3,0.4,0.7,.159
353,Zach Randolph,PF,31,MEM,76,2607,17.9,.506,.461,13.8,25.1,19.3,7.3,1.3,1.0,11.5,23.1,106,99,3.2,4.7,7.9,.145
354,J.J. Redick,SG,28,TOT,78,2379,14.7,.571,.528,0.8,7.3,4.0,20.0,0.8,0.3,12.5,20.8,111,113,4.0,0.5,4.5,.091
354,J.J. Redick,SG,28,ORL,50,1575,16.1,.592,.551,0.6,7.9,4.3,22.7,1.0,0.2,14.1,21.5,112,113,3.0,0.2,3.2,.097
354,J.J. Redick,SG,28,MIL,28,804,11.9,.529,.483,1.0,6.1,3.5,14.8,0.6,0.4,9.2,19.4,109,112,1.0,0.3,1.3,.078
355,Jason Richardson,SG,32,PHI,33,936,12.6,.495,.487,2.2,13.4,7.7,8.6,2.3,1.2,6.9,18.5,100,105,0.3,1.1,1.4,.070
356,Quentin Richardson,SF,32,NYK,1,29,0.7,.210,.136,19.5,20.9,20.2,4.8,0.0,0.0,14.4,22.4,67,110,-0.1,0.0,-0.1,-0.181
357,Luke Ridnour,SG,31,MIN,82,2474,13.0,.532,.493,1.8,7.9,4.8,21.0,1.7,0.5,12.8,18.3,107,108,2.6,1.8,4.3,.084
358,Austin Rivers,SG,20,NOH,61,1418,5.9,.431,.408,1.3,8.0,4.6,13.9,1.0,0.5,14.5,16.8,89,114,-1.2,0.1,-1.1,-0.038
359,Brian Roberts,PG,27,NOH,78,1324,14.6,.509,.475,1.5,7.3,4.4,28.2,1.5,0.2,11.5,21.6,109,113,2.0,0.2,2.2,.078
360,Nate Robinson,PG,28,CHI,82,2086,17.4,.540,.510,1.6,8.6,5.1,31.4,2.2,0.4,12.6,25.1,108,105,3.5,2.4,5.9,.136
361,Thomas Robinson,PF,21,TOT,70,1056,10.9,.451,.430,13.0,21.3,17.1,6.7,2.0,1.9,19.3,19.1,90,107,-0.9,0.9,-0.1,-0.002
361,Thomas Robinson,PF,21,SAC,51,809,10.6,.450,.424,12.7,21.3,16.9,6.8,1.6,2.0,19.2,18.6,91,109,-0.7,0.5,-0.2,-0.010
361,Thomas Robinson,PF,21,HOU,19,247,12.0,.454,.449,13.9,21.3,17.7,6.2,3.2,1.5,19.5,20.8,89,101,-0.3,0.4,0.1,.024
362,Rajon Rondo,PG,26,BOS,38,1423,18.1,.516,.497,3.7,13.6,8.8,49.3,2.6,0.5,22.6,21.7,103,103,1.2,2.0,3.2,.108
363,Terrence Ross,SG,21,TOR,73,1239,10.4,.491,.478,3.3,10.6,6.9,7.2,1.8,0.9,9.2,19.6,98,109,0.0,0.8,0.9,.034
364,Brandon Roy,SG,28,MIN,5,122,8.3,.368,.314,2.7,10.6,6.6,28.8,1.3,0.0,15.1,17.0,88,109,-0.1,0.1,0.0,-0.017
365,Ricky Rubio,PG,22,MIN,57,1691,16.2,.482,.386,2.9,12.9,7.7,38.8,4.2,0.2,21.4,21.2,99,102,0.4,2.6,3.0,.085
366,Brandon Rush,SF,27,GSW,2,25,11.9,.678,.667,0.0,4.3,2.2,14.5,0.0,0.0,22.5,23.9,104,113,0.0,0.0,0.0,.051
367,Robert Sacre,C,23,LAL,32,203,3.4,.407,.375,5.0,13.2,9.2,4.3,0.0,3.6,15.9,13.8,83,108,-0.2,0.1,-0.1,-0.024
368,John Salmons,SF,33,SAC,76,2278,10.2,.509,.480,1.6,9.0,5.2,14.8,1.1,0.9,11.4,14.5,106,115,1.8,-0.1,1.6,.034
369,Samardo Samuels,C,24,CLE,18,196,6.2,.411,.367,5.6,11.2,8.3,6.3,0.8,1.2,7.8,17.4,92,112,-0.1,0.0,-0.1,-0.016
370,Larry Sanders,C,24,MIL,71,1937,18.7,.523,.506,12.0,25.8,18.6,6.8,1.4,7.6,11.6,16.9,109,99,2.3,3.7,6.0,.149
371,Luis Scola,PF,32,PHO,82,2184,16.7,.516,.474,8.1,20.4,14.1,14.5,1.6,1.2,11.0,23.3,105,107,2.4,1.9,4.4,.096
372,Mike Scott,PF,24,ATL,40,376,16.3,.533,.476,12.1,21.3,16.7,5.4,0.6,0.4,10.9,23.7,106,106,0.5,0.4,0.9,.110
373,Thabo Sefolosha,SG,28,OKC,81,2229,12.8,.617,.597,3.2,12.4,8.2,8.2,2.4,1.5,11.4,11.4,121,103,3.6,3.1,6.8,.146
374,Josh Selby,PG,21,MEM,10,59,0.1,.373,.295,0.0,10.2,5.0,10.5,1.8,0.0,20.7,26.4,70,103,-0.3,0.1,-0.2,-0.143
375,Kevin Seraphin,C,23,WAS,79,1721,10.3,.478,.461,6.8,15.5,11.1,6.1,0.7,2.7,14.7,23.5,89,104,-2.1,2.2,0.1,.004
376,Ramon Sessions,SG,26,CHA,61,1652,17.7,.529,.433,1.8,10.1,5.9,25.5,1.5,0.3,11.2,25.7,109,114,2.9,0.0,2.9,.084
377,Tornike Shengelia,SF,21,BRK,19,93,8.5,.499,.457,11.4,17.9,14.6,5.1,1.7,0.8,26.8,20.3,86,106,-0.1,0.1,0.0,-0.017
378,Iman Shumpert,SG,22,NYK,45,996,11.7,.516,.489,3.5,12.8,8.0,11.6,2.3,0.6,11.1,15.6,108,106,1.0,1.0,1.9,.094
379,Alexey Shved,SG,24,MIN,77,1840,11.0,.474,.439,2.5,8.6,5.4,25.2,1.5,1.1,17.3,20.6,95,108,-0.6,1.4,0.8,.020
380,Henry Sims,C,22,NOH,2,5,29.2,.667,.667,46.8,0.0,23.8,0.0,0.0,0.0,25.0,37.2,105,118,0.0,0.0,0.0,.061
381,Kyle Singler,SF,24,DET,82,2293,10.0,.517,.483,5.4,11.3,8.3,5.3,1.3,1.3,12.3,15.8,102,110,1.1,1.2,2.3,.048
382,Chris Singleton,PF,23,WAS,57,924,7.8,.425,.396,6.1,16.1,11.0,6.3,2.1,2.1,14.2,15.7,87,101,-1.0,1.5,0.5,.028
383,Donald Sloan,SG-PG,25,TOT,23,263,9.6,.455,.391,1.3,11.5,6.2,22.0,1.0,0.0,13.6,17.5,99,113,0.0,0.0,0.1,.017
383,Donald Sloan,SG,25,CLE,20,257,9.9,.455,.391,1.3,11.8,6.3,22.0,1.0,0.0,12.7,17.7,100,113,0.1,0.0,0.1,.022
383,Donald Sloan,PG,25,NOH,3,6,-3.3,,,0.0,0.0,0.0,22.3,0.0,0.0,100.0,7.8,40,119,0.0,0.0,0.0,-0.212
384,Greg Smith,C,22,HOU,70,1110,16.1,.636,.620,11.5,21.2,16.4,3.5,0.8,2.7,11.0,14.7,125,105,2.8,1.2,4.0,.172
385,Ishmael Smith,PG,24,TOT,52,516,8.5,.379,.377,2.6,10.7,6.6,25.0,2.1,1.3,18.6,17.4,84,108,-0.8,0.4,-0.4,-0.040
385,Ishmael Smith,PG,24,ORL,36,378,7.2,.357,.353,3.3,10.5,6.9,22.2,1.8,1.2,18.5,17.6,79,110,-0.8,0.2,-0.6,-0.073
385,Ishmael Smith,PG,24,MIL,16,138,12.1,.442,.442,0.8,11.3,5.8,32.7,2.9,1.6,18.9,16.7,95,104,0.0,0.2,0.1,.049
386,J.R. Smith,SG,27,NYK,80,2678,17.6,.522,.484,2.7,16.3,9.3,14.5,2.0,0.8,8.8,26.5,107,106,4.0,2.7,6.7,.120
387,Jason Smith,C,26,NOH,51,876,16.8,.544,.490,8.6,16.9,12.7,7.0,0.9,4.3,12.5,23.4,107,109,1.1,0.6,1.7,.095
388,Josh Smith,PF,27,ATL,76,2683,17.7,.501,.491,5.8,21.3,13.6,20.9,1.8,3.9,14.6,26.7,97,101,-0.3,4.5,4.2,.075
389,Nolan Smith,PG,24,POR,40,288,7.1,.435,.395,2.8,8.2,5.5,19.9,1.3,0.3,18.7,24.7,85,112,-0.6,0.1,-0.5,-0.082
390,Marreese Speights,C,25,TOT,79,1300,17.3,.498,.448,12.7,22.3,17.4,6.5,1.0,3.3,10.8,25.8,103,104,1.1,1.7,2.8,.104
390,Marreese Speights,C,25,MEM,40,579,16.1,.474,.433,15.2,23.5,19.3,5.5,0.9,3.8,11.2,24.8,101,98,0.3,1.1,1.4,.116
390,Marreese Speights,C,25,CLE,39,721,18.2,.515,.458,10.7,21.4,15.8,7.4,1.0,2.9,10.5,26.6,105,108,0.9,0.6,1.4,.094
391,Tiago Splitter,PF,28,SAS,81,1997,18.7,.609,.560,8.8,20.3,14.9,10.0,1.6,2.3,12.7,18.2,118,100,4.7,3.5,8.2,.197
392,Jerry Stackhouse,SF,38,BRK,37,544,8.5,.500,.471,1.1,6.1,3.6,10.4,0.7,0.6,11.6,17.5,102,112,0.2,0.2,0.4,.037
393,Lance Stephenson,SG,22,IND,78,2278,11.8,.530,.512,2.3,12.3,7.4,16.2,1.9,0.5,14.4,15.2,106,101,1.8,3.6,5.5,.115
394,DeShawn Stevenson,SG,31,ATL,56,1158,8.1,.522,.519,1.8,10.1,6.0,6.5,1.3,0.4,7.8,11.8,104,108,0.5,0.9,1.5,.061
395,Greg Stiemsma,C,27,MIN,76,1209,10.5,.498,.457,5.6,19.5,12.3,3.9,1.9,5.8,16.1,13.6,95,101,-0.3,2.0,1.7,.069
396,Julyan Stone,PG,24,DEN,4,28,11.4,.931,1.000,8.2,3.9,6.0,9.3,1.8,0.0,34.7,8.9,131,110,0.1,0.0,0.1,.128
397,Amar'e Stoudemire,PF,30,NYK,29,682,22.1,.637,.577,10.0,15.1,12.4,3.6,0.8,2.7,13.4,25.7,118,108,2.1,0.6,2.7,.191
398,Rodney Stuckey,SG,26,DET,76,2171,13.0,.505,.443,2.2,9.1,5.6,20.3,1.2,0.6,13.4,21.0,103,111,1.7,0.8,2.5,.055
399,Jared Sullinger,PF,20,BOS,45,892,13.5,.534,.496,12.6,22.1,17.5,6.2,1.3,1.9,10.3,14.9,113,102,1.3,1.4,2.7,.146
400,DaJuan Summers,PF,25,LAC,2,7,4.3,.250,.250,0.0,33.5,17.0,21.7,0.0,0.0,0.0,26.1,71,104,0.0,0.0,0.0,-0.124
401,Jeff Taylor,SF,23,CHA,77,1507,10.3,.531,.497,3.8,7.7,5.7,7.0,1.6,0.8,9.7,14.9,107,114,1.2,0.0,1.2,.039
402,Tyshawn Taylor,PG,22,BRK,38,221,6.2,.430,.402,1.1,8.6,4.8,15.9,3.2,0.0,20.2,25.8,80,106,-0.6,0.2,-0.4,-0.077
403,Jeff Teague,PG,24,ATL,80,2628,16.8,.543,.496,1.1,6.7,3.9,36.1,2.3,0.8,17.6,23.0,106,106,3.5,2.6,6.1,.111
404,Marquis Teague,PG,19,CHI,48,392,6.0,.412,.398,0.9,12.1,6.4,25.6,1.2,1.3,22.6,18.2,82,105,-0.7,0.4,-0.3,-0.031
405,Mirza Teletovic,PF,27,BRK,53,499,12.3,.495,.484,7.8,14.8,11.2,7.7,1.4,1.2,9.5,19.4,105,107,0.5,0.5,0.9,.087
406,Sebastian Telfair,PG,27,TOT,59,980,10.9,.488,.448,1.5,8.5,4.9,23.9,2.0,0.8,15.9,18.5,100,110,0.3,0.5,0.8,.039
406,Sebastian Telfair,PG,27,PHO,46,795,10.9,.505,.468,1.7,8.2,4.9,21.9,1.8,0.9,16.3,18.2,101,110,0.3,0.4,0.7,.042
406,Sebastian Telfair,PG,27,TOR,13,185,10.7,.416,.371,0.6,9.8,5.1,32.5,2.6,0.4,14.1,19.6,96,108,0.0,0.1,0.1,.029
407,Garrett Temple,SG,26,WAS,51,1156,8.8,.478,.457,2.8,9.1,5.9,15.5,2.3,1.2,18.2,13.2,94,104,-0.3,1.5,1.2,.049
408,Jason Terry,SG,35,BOS,79,2124,12.8,.566,.529,1.1,7.6,4.4,14.9,1.6,0.4,12.6,18.0,107,107,2.1,1.9,4.0,.091
409,Hasheem Thabeet,C,25,OKC,66,770,11.6,.619,.604,11.1,17.5,14.5,2.0,2.0,5.9,24.1,10.1,110,99,0.7,1.5,2.2,.134
410,Isaiah Thomas,PG,23,SAC,79,2122,17.5,.574,.509,1.5,7.3,4.4,24.6,1.6,0.1,12.7,23.0,115,115,5.2,-0.1,5.0,.114
411,Kurt Thomas,PF,40,NYK,39,392,13.3,.547,.548,6.9,20.1,13.3,8.3,1.4,3.5,8.3,11.5,119,104,0.6,0.5,1.1,.135
412,Lance Thomas,SF,24,NOH,59,646,10.1,.565,.500,8.0,13.3,10.6,4.0,0.9,0.9,9.6,10.5,121,112,1.0,0.2,1.2,.087
413,Malcolm Thomas,PF,24,TOT,12,57,13.8,.555,.500,10.0,21.6,15.9,10.3,1.9,2.7,18.2,13.2,109,100,0.1,0.1,0.2,.133
413,Malcolm Thomas,PF,24,GSW,5,21,8.8,.543,.000,0.0,25.4,13.1,12.1,0.0,3.7,26.6,8.0,104,104,0.0,0.0,0.0,.077
413,Malcolm Thomas,PF,24,CHI,7,36,16.7,.558,.556,15.8,19.4,17.5,9.3,3.0,2.1,15.7,16.3,111,98,0.1,0.1,0.1,.166
414,Tyrus Thomas,PF,26,CHA,26,360,9.6,.418,.364,4.9,14.4,9.5,9.1,2.0,3.4,10.2,21.1,88,110,-0.4,0.2,-0.2,-0.025
415,Jason Thompson,PF,26,SAC,82,2285,14.6,.533,.502,8.4,19.5,13.8,6.0,1.1,2.1,10.8,18.2,108,111,2.7,0.9,3.6,.075
416,Klay Thompson,SG,22,GSW,82,2936,12.7,.533,.509,1.2,10.0,5.7,10.1,1.5,1.2,11.0,21.8,102,107,1.7,2.6,4.3,.070
417,Tristan Thompson,PF,21,CLE,82,2564,16.1,.516,.488,13.2,22.1,17.5,6.9,1.2,2.2,11.7,18.3,108,108,3.2,2.0,5.2,.098
418,Marcus Thornton,SG,25,SAC,72,1726,16.3,.552,.520,3.2,9.0,6.0,9.0,1.8,0.2,7.6,23.1,111,114,3.1,0.1,3.2,.089
419,Jamaal Tinsley,PG,34,UTA,66,1221,10.6,.467,.451,1.6,9.5,5.5,34.1,2.8,0.9,30.2,13.1,96,107,-0.2,1.0,0.9,.035
420,Anthony Tolliver,SF,27,ATL,62,963,8.4,.531,.484,3.7,14.5,9.2,4.8,0.8,1.0,13.1,13.2,102,107,0.3,0.9,1.2,.059
421,P.J. Tucker,SG,27,PHO,79,1910,11.6,.525,.498,7.7,13.3,10.4,8.6,1.7,0.7,12.2,12.8,109,109,1.8,1.2,2.9,.074
422,Ronny Turiaf,C,30,LAC,65,701,9.4,.485,.505,7.8,17.9,12.9,6.8,1.4,4.2,18.9,10.0,99,103,0.1,1.0,1.1,.075
423,Hedo Turkoglu,SF,33,ORL,11,189,3.4,.288,.274,2.4,13.2,7.8,17.2,1.9,0.4,17.7,16.3,68,109,-0.6,0.1,-0.5,-0.116
424,Evan Turner,SF,24,PHI,82,2892,12.1,.478,.446,2.1,18.5,10.1,19.7,1.3,0.5,14.0,21.2,95,106,-0.7,2.9,2.1,.035
425,Jeremy Tyler,C,21,TOT,21,68,6.2,.413,.375,10.0,22.3,16.3,2.3,0.7,2.3,18.4,21.5,80,104,-0.2,0.1,-0.1,-0.049
425,Jeremy Tyler,C,21,GSW,20,63,6.1,.413,.375,10.8,18.7,14.9,2.5,0.8,2.5,18.4,23.2,80,105,-0.2,0.1,-0.1,-0.063
425,Jeremy Tyler,C,21,ATL,1,5,8.5,,,0.0,67.7,34.3,0.0,0.0,0.0,,0.0,,94,0.0,0.0,0.0,.122
426,Ekpe Udoh,C,25,MIL,76,1312,12.0,.503,.435,8.9,11.7,10.3,4.7,1.5,4.7,11.8,12.1,109,105,1.1,1.5,2.7,.098
427,Beno Udrih,SG-PG,30,TOT,66,1457,14.2,.516,.477,2.5,8.2,5.3,32.3,1.5,0.2,17.2,19.3,106,111,1.5,0.7,2.2,.071
427,Beno Udrih,SG,30,MIL,39,719,13.6,.521,.502,2.5,9.5,5.8,30.4,1.1,0.2,17.3,18.5,105,110,0.6,0.4,1.1,.070
427,Beno Udrih,PG,30,ORL,27,738,14.9,.512,.452,2.6,7.0,4.8,34.2,1.8,0.1,17.0,20.0,106,112,0.9,0.2,1.1,.073
428,Jonas Valanciunas,C,20,TOR,62,1482,15.6,.619,.557,9.6,20.5,14.9,5.0,0.6,4.2,17.4,16.9,113,106,2.5,1.5,3.9,.127
429,Anderson Varejao,C,30,CLE,25,901,21.7,.529,.478,16.9,30.1,23.2,15.4,2.1,1.3,11.6,18.7,117,104,2.2,1.1,3.3,.173
430,Jarvis Varnado,PF,24,TOT,13,58,1.2,.457,.429,4.4,14.0,9.4,7.2,0.9,2.8,40.7,12.1,68,105,-0.1,0.1,-0.1,-0.059
430,Jarvis Varnado,PF,24,BOS,5,18,12.8,.521,.500,6.8,12.7,9.8,8.6,2.9,0.0,14.8,17.8,100,103,0.0,0.0,0.0,.083
430,Jarvis Varnado,PF,24,MIA,8,40,-4.1,.333,.333,3.3,14.6,9.2,6.5,0.0,4.1,62.5,9.6,44,106,-0.1,0.0,-0.1,-0.122
431,Greivis Vasquez,PG,26,NOH,78,2685,16.3,.502,.474,1.9,13.3,7.5,44.9,1.3,0.2,18.6,23.0,105,112,3.0,0.7,3.8,.067
432,Jan Vesely,PF,22,WAS,51,601,7.6,.480,.500,7.9,14.7,11.3,7.3,1.3,2.2,17.1,12.0,95,103,-0.1,0.8,0.7,.059
433,Charlie Villanueva,PF,28,DET,69,1092,14.0,.481,.474,5.1,20.6,12.7,8.4,1.5,2.8,7.4,21.9,101,106,0.4,1.1,1.6,.069
434,Nikola Vucevic,C,22,ORL,77,2559,17.8,.534,.519,12.0,28.4,20.2,9.3,1.2,2.4,13.0,19.3,106,105,2.8,2.9,5.7,.106
435,Dwyane Wade,SG,31,MIA,69,2391,24.0,.571,.528,4.7,12.6,8.9,26.6,2.8,1.9,13.2,29.5,112,103,6.1,3.5,9.6,.192
436,Dion Waiters,SG,21,CLE,61,1756,13.7,.492,.451,1.4,8.8,4.9,18.4,1.7,0.7,11.8,26.1,99,111,0.3,0.6,0.9,.026
437,Kemba Walker,PG,22,CHA,82,2859,18.8,.517,.466,2.3,9.2,5.7,31.2,2.9,0.9,12.4,25.6,105,111,3.7,1.1,4.8,.080
438,John Wall,PG,22,WAS,49,1602,20.8,.521,.449,2.4,11.2,6.8,43.9,2.1,1.8,15.3,29.3,105,103,2.2,2.2,4.5,.134
439,Gerald Wallace,SF,30,BRK,69,2076,11.6,.490,.448,3.9,14.3,9.1,13.3,2.5,1.7,16.9,14.5,101,104,0.6,2.5,3.1,.072
440,Rasheed Wallace,C,38,NYK,21,296,16.7,.484,.465,4.2,29.4,16.4,3.5,2.3,4.4,6.2,25.4,99,99,0.1,0.6,0.6,.101
441,Luke Walton,PF,32,CLE,50,857,11.3,.453,.448,4.9,15.2,9.8,28.7,2.5,1.2,24.0,13.0,99,108,0.1,0.7,0.8,.045
442,Hakim Warrick,PF,30,TOT,28,489,11.5,.476,.406,4.8,16.4,10.4,8.9,1.4,1.0,12.5,21.7,95,112,-0.1,0.1,0.0,-0.001
442,Hakim Warrick,PF,30,NOH,1,7,28.8,.694,.500,0.0,0.0,0.0,0.0,7.7,0.0,0.0,19.1,154,102,0.0,0.0,0.1,.353
442,Hakim Warrick,PF,30,CHA,27,482,11.3,.473,.405,4.8,16.6,10.6,9.0,1.3,1.0,12.6,21.7,94,112,-0.2,0.1,-0.1,-0.007
443,C.J. Watson,PG,28,BRK,80,1521,13.9,.544,.514,2.9,8.4,5.6,17.2,2.3,0.6,12.1,17.2,113,107,2.5,1.3,3.8,.120
444,Earl Watson,PG,33,UTA,48,829,7.7,.366,.329,3.2,9.1,6.1,31.8,2.5,0.8,34.5,11.0,88,108,-0.6,0.7,0.0,.001
445,Maalik Wayns,PG,21,TOT,27,202,5.0,.394,.335,0.5,3.5,2.0,20.7,1.6,0.0,13.5,25.4,83,110,-0.4,0.1,-0.3,-0.079
445,Maalik Wayns,PG,21,PHI,21,165,1.8,.356,.299,0.7,2.8,1.7,18.4,1.0,0.0,14.2,25.6,75,112,-0.6,0.1,-0.5,-0.147
445,Maalik Wayns,PG,21,LAC,6,37,19.5,.563,.500,0.0,6.3,3.2,30.9,4.3,0.0,10.1,24.4,120,102,0.1,0.1,0.2,.227
446,Martell Webster,SF,26,WAS,76,2200,13.9,.601,.551,2.7,12.2,7.4,10.7,1.2,0.6,11.1,16.9,115,106,3.9,2.4,6.3,.138
447,David West,PF,32,IND,73,2435,20.1,.545,.500,6.8,18.8,12.9,16.8,1.6,2.1,12.0,24.4,110,99,4.4,4.7,9.1,.179
448,Russell Westbrook,PG,24,OKC,82,2861,23.9,.532,.470,4.8,11.8,8.6,38.4,2.6,0.6,13.2,32.8,111,103,7.7,3.9,11.6,.195
449,D.J. White,PF,26,BOS,12,86,14.7,.538,.522,5.7,12.0,8.9,7.5,0.6,5.5,6.9,15.9,110,104,0.1,0.1,0.2,.117
450,James White,SF,30,NYK,57,435,9.1,.503,.491,1.3,12.0,6.5,10.3,1.6,0.8,12.0,15.2,100,108,0.1,0.3,0.5,.051
451,Chris Wilcox,C,30,BOS,61,830,15.3,.725,.719,8.1,17.3,12.8,4.2,2.0,2.7,16.0,12.1,127,101,1.8,1.3,3.1,.181
452,Damien Wilkins,SG,33,PHI,61,1095,12.5,.533,.486,3.2,7.8,5.4,12.9,1.8,1.3,11.9,17.4,106,108,1.0,0.9,1.9,.083
453,Deron Williams,PG,28,BRK,78,2842,20.3,.574,.516,1.2,8.5,4.8,37.5,1.4,0.8,14.5,24.4,118,109,9.1,1.8,10.9,.184
454,Derrick Williams,PF,21,MIN,78,1916,14.5,.515,.471,5.6,20.6,12.8,4.2,1.2,1.5,10.0,23.5,101,105,1.0,2.1,3.0,.076
455,Louis Williams,SG,26,ATL,39,1119,15.9,.555,.503,0.8,7.3,4.1,20.4,2.0,0.7,13.0,23.6,106,107,1.4,1.0,2.4,.103
456,Marvin Williams,SF,26,UTA,73,1727,10.9,.515,.481,3.7,14.3,8.9,6.9,1.1,1.7,10.5,15.1,105,109,1.1,1.1,2.3,.063
457,Mo Williams,PG,30,UTA,46,1418,14.4,.519,.485,2.0,7.2,4.5,33.2,1.7,0.5,18.0,22.3,103,111,1.2,0.7,1.8,.062
458,Reggie Williams,SF,26,CHA,40,380,13.2,.517,.515,2.3,13.3,7.7,18.2,1.7,0.2,11.9,19.2,102,113,0.2,0.1,0.3,.035
459,Terrence Williams,SF,25,BOS,24,318,12.3,.518,.521,1.5,14.4,8.2,19.7,1.8,0.5,17.2,19.1,95,104,-0.1,0.4,0.3,.046
460,Metta World Peace,SF,33,LAL,75,2530,12.5,.517,.488,4.5,11.5,8.1,6.9,2.5,1.2,9.8,17.5,105,106,1.9,2.6,4.6,.086
461,Brandan Wright,C,25,DAL,64,1149,21.0,.606,.597,8.4,16.7,12.6,5.6,1.2,5.2,7.1,19.0,119,105,2.8,1.3,4.1,.172
462,Chris Wright,SG,23,DAL,3,4,-1.9,.500,.500,0.0,0.0,0.0,0.0,0.0,0.0,33.3,34.2,59,116,0.0,0.0,0.0,-0.375
463,Dorell Wright,SF,27,PHI,79,1783,16.0,.551,.508,2.6,17.0,9.6,13.1,1.8,1.5,8.8,18.7,112,105,2.8,2.1,4.9,.132
464,Tony Wroten,SG,19,MEM,35,272,9.3,.461,.407,5.5,6.6,6.1,25.2,1.6,1.2,22.7,21.7,91,104,-0.2,0.3,0.1,.017
465,Nick Young,SG,27,PHI,59,1411,13.3,.525,.482,1.9,8.7,5.2,9.7,1.3,0.8,7.7,21.2,105,109,1.4,1.0,2.3,.079
466,Sam Young,SG,27,IND,56,693,7.5,.464,.446,4.3,15.3,9.9,9.4,1.2,0.9,16.5,13.2,94,102,-0.2,1.1,0.9,.062
467,Thaddeus Young,PF,24,PHI,76,2629,18.2,.541,.532,7.6,17.2,12.3,8.2,2.7,1.6,8.0,19.8,109,103,3.7,3.7,7.4,.136
468,Luke Zeller,C,25,PHO,16,58,5.6,.365,.365,1.9,18.0,9.8,8.4,0.0,0.0,0.0,19.9,86,112,-0.1,0.0,-0.1,-0.047
469,Tyler Zeller,C,23,CLE,77,2033,11.0,.486,.438,8.7,16.7,12.5,7.4,0.9,2.8,13.1,15.9,102,110,0.8,1.2,2.0,.048
